1stFlrSF,2ndFlrSF,GrLivArea,LotArea,OverallCond,OverallQual,HouseAge,TotalSF,AboveGradeSF
7.510977752014095,0.0,4,3,5,9,18,60.41522986797286,4
6.795705775173514,0.0,2,1,5,5,63,42.28474902373195,2
6.871091294610546,0.0,2,3,7,5,104,42.89522117905443,2
7.4318919168078,0.0,3,3,5,8,23,57.0701322935211,3
7.340186835320115,0.0,3,3,5,7,24,55.51576352712804,3
7.107425474110705,0.0,3,1,5,7,21,49.416596402423345,3
7.188412736496954,0.0,3,2,5,6,60,49.1121166312347,3
6.545349660334419,720.0,3,0,5,7,26,45.95650117230423,3
6.265301212737709,462.0,2,0,5,4,52,38.07886552931954,2
6.767343125265392,349.0,3,1,6,6,84,44.19275958796871,3
6.633318433280377,896.0,3,1,5,7,22,49.01020301937138,3
7.216709486709457,0.0,3,1,5,6,20,52.191953402799555,3
6.9574973708769505,788.0,4,1,5,6,59,50.941142507800116,4
7.226209010100671,0.0,3,3,5,6,71,52.364109846344185,3
7.022868086082641,0.0,2,3,7,5,77,45.232731511594565,2
7.266827347520591,0.0,3,4,7,5,47,52.839379254491625,3
6.590301048196686,728.0,3,2,5,7,18,46.73328578219169,3
7.104144092987527,0.0,3,2,5,7,35,49.040799340956916,3
6.946975992135418,0.0,2,1,7,5,75,32.2490309931942,2
6.416732282512326,612.0,3,0,5,6,16,42.8485705712571,3
6.92951677076365,752.0,3,1,5,7,94,52.21110992882645,3
6.8679744089702925,406.0,3,2,8,5,125,47.20169488482379,3
6.688354713946762,557.0,3,1,6,5,87,46.50806381693394,3
6.742880635791903,0.0,2,0,5,6,21,41.182520563948,2
7.301147805856032,780.0,4,3,5,8,22,61.18823416311342,4
7.106606137727302,0.0,3,2,5,4,74,45.34313619501854,3
7.254177846456518,0.0,3,0,5,7,21,52.81098370604357,3
7.033506484287697,924.0,4,2,5,6,108,52.848841046895245,4
6.992096427415888,110.0,3,1,7,6,105,45.81484475582123,3
7.413970290190444,0.0,3,1,5,8,25,56.213877290220786,3
6.91968384984741,0.0,2,2,5,6,105,44.98888751680797,2
7.430707082545968,998.0,4,4,3,7,105,59.23681287847955,4
6.939253946041508,0.0,4,1,9,5,125,37.30951621235526,2
6.963189985870238,872.0,4,1,5,7,24,54.644304369257,4
6.860663671448286,0.0,2,2,5,5,49,43.18564576337837,2
7.516433302915632,0.0,4,4,5,9,19,60.63002556489647,4
7.402451520818244,0.0,3,4,7,6,71,54.18486873657626,3
7.045776576879511,0.0,2,1,5,5,66,47.916594202843754,2
6.856461984594587,0.0,2,2,5,5,54,43.58898943540674,2
6.970730078143525,846.0,4,2,5,8,32,51.84592558726288,4
6.818924065275521,720.0,3,2,7,6,102,51.96152422706632,3
7.182352111885263,0.0,3,2,5,7,18,51.30302135352264,3
7.273786317844894,0.0,3,3,6,6,55,53.70288632839021,3
6.982862751468942,0.0,2,3,6,5,54,46.4327470649756,2
7.02108396428914,0.0,2,1,5,4,64,46.475800154489,2
6.658011045870748,640.0,3,1,5,8,23,42.74342054632502,3
6.561030665896572,682.0,3,0,8,7,79,45.16635916254486,3
6.968850378341948,0.0,2,2,5,5,71,46.03259714593562,2
7.491087593534876,0.0,3,3,5,9,22,59.86651818838306,3
7.103322062526112,0.0,3,0,5,6,27,49.31531202375181,3
6.905753276311464,764.0,3,1,7,7,105,48.55924216871593,3
6.741700694652054,1112.0,4,3,5,7,21,52.97169055259611,4
7.09672137849476,0.0,3,3,6,6,48,49.15282290977803,3
6.773080375655535,650.0,3,3,5,5,67,48.96937818678118,3
6.679599185844383,358.0,2,1,8,4,103,44.15880433163923,2
6.954638864880987,0.0,2,1,5,5,75,32.37282811247729,2
6.786716950605081,0.0,2,1,8,5,87,32.802438933713454,2
6.849066282633458,0.0,2,1,5,5,46,43.42810150121693,2
6.763884908562435,902.0,3,2,5,7,20,51.32250968142536,3
7.259819610363186,1177.0,4,4,5,9,26,63.182275995725256,4
6.815639990074331,0.0,2,2,5,5,67,42.708313008125245,2
6.782192056006791,0.0,2,3,5,5,69,29.698484809834994,2
7.198183577101943,0.0,3,0,5,6,27,52.364109846344185,3
7.638198244285779,0.0,4,3,5,10,19,64.43601477434805,4
7.191429330036379,1203.0,4,3,5,8,30,62.0403094769844,4
6.888572459565363,787.0,3,1,7,5,88,49.98999899979995,3
7.393263094763838,0.0,3,0,5,8,19,56.55086206239477,3
7.275172319452771,700.0,4,4,7,6,67,59.89991652748775,4
7.327123292259293,0.0,4,3,9,10,132,52.51666402200353,3
7.038783541388541,728.0,4,3,7,6,41,49.52776998815917,4
7.3297496890415115,0.0,3,2,5,7,25,55.226805085936306,3
7.359467638255621,0.0,3,2,5,8,18,56.05354582896607,3
6.679599185844383,0.0,2,2,7,5,115,39.89987468652001,2
7.228388451573603,994.0,4,1,4,5,133,58.01723881744115,4
6.687108607866514,670.0,3,2,5,7,34,43.08131845707603,3
6.866933284461882,0.0,2,2,9,4,60,40.099875311526844,2
6.598509028614515,1104.0,4,4,5,5,20,50.695167422546305,4
7.177018765909899,0.0,3,2,6,6,51,48.46648326421054,3
7.634820677745543,574.0,4,3,5,9,19,69.25315877272314,4
6.516193076042963,455.0,2,1,6,5,84,42.50882261366456,2
6.866933284461882,1000.0,4,1,5,5,73,54.037024344425184,4
7.042286171939743,0.0,2,2,5,5,62,47.83304297240559,2
6.962243464266207,0.0,2,1,5,6,45,45.95650117230423,2
6.541029999189903,0.0,1,0,4,4,84,37.22902093797257,1
7.309212365692763,0.0,3,2,5,6,28,54.52522352086234,3
7.406103381237015,0.0,3,0,5,8,21,56.92099788303083,3
6.761572768804055,0.0,2,1,7,5,53,41.569219381653056,2
7.356279876550748,0.0,3,2,5,8,17,55.96427431853289,3
6.5998704992128365,660.0,3,3,6,6,53,46.021733996015406,3
6.742880635791903,0.0,3,1,5,4,100,40.34848200366403,2
6.844815479208263,574.0,3,1,8,5,105,49.51767361255979,3
6.865891074883438,408.0,3,1,6,6,94,47.44470465710583,3
6.86171134048073,0.0,2,1,7,5,59,43.70354676682432,2
6.981934677156389,0.0,2,2,4,3,103,45.65084884205331,2
6.962243464266207,0.0,2,4,5,5,70,45.95650117230423,2
6.6280413761795325,797.0,3,2,5,7,20,48.05205510693585,3
7.386470848829894,0.0,3,3,5,7,20,56.815490845367165,3
7.621684998724611,0.0,4,3,5,8,17,63.90618123468183,4
6.9782137426306985,0.0,2,1,6,5,104,46.32493928760188,2
6.977281341630747,213.0,3,2,5,5,77,44.23799272118933,3
7.657755271134865,0.0,4,3,7,6,55,57.63679380395825,4
6.405228458030841,0.0,1,2,7,4,105,33.66006535941367,1
7.047517221357295,0.0,2,1,6,5,66,47.958315233127195,2
6.590301048196686,728.0,3,2,5,6,20,46.73328578219169,3
6.906754778648553,0.0,2,3,9,7,64,44.07947368106838,2
6.620073206530356,750.0,3,2,5,6,20,47.43416490252569,3
7.197435354096591,0.0,3,4,5,5,72,50.00999900019995,3
6.761572768804055,729.0,3,1,5,6,21,49.31531202375181,3
7.029972911706386,1054.0,4,3,5,9,17,57.3410847473258,4
7.352441100243582,0.0,3,2,5,7,22,55.85696017507576,3
6.78897174299217,0.0,3,2,7,5,83,40.19950248448356,2
6.4457198193855785,0.0,1,0,8,4,55,35.4964786985977,1
7.014814351275545,0.0,2,1,7,6,49,47.49736834815167,2
6.976348070447749,1101.0,4,3,5,7,19,56.87706040223949,4
6.679599185844383,550.0,3,3,7,4,115,43.657759905886145,3
7.076653815443951,1426.0,4,2,5,8,18,61.59545437773797,4
6.933423025730715,932.0,4,2,5,7,20,54.62600113499065,4
7.291656209174461,0.0,3,2,5,8,17,54.18486873657626,3
7.171656822768514,432.0,3,2,5,5,48,41.641325627314025,3
6.643789733147672,432.0,3,3,6,5,79,44.36214602563767,3
7.013915474810528,438.0,3,2,5,7,19,51.40038910358559,3
6.860663671448286,795.0,4,1,5,4,113,50.438080851673966,3
7.061334366910438,0.0,3,2,5,6,89,47.22287581247038,2
6.761572768804055,0.0,2,2,5,5,67,41.569219381653056,2
7.390798521735676,0.0,3,3,7,7,41,53.1883445878888,3
6.180016653652572,504.0,2,0,8,6,53,38.34057902536163,2
7.121252453244542,1281.0,4,4,5,7,36,61.065538563088104,4
6.639875833826536,600.0,3,0,6,5,55,46.151923036857305,3
7.046647277848756,1141.0,4,3,5,8,23,58.463663928973865,4
7.130098510125578,1347.0,4,4,5,9,19,62.00806399170998,4
6.810142450115136,0.0,2,2,6,4,68,42.59107887809371,2
6.75110146893676,0.0,3,0,6,6,49,41.352146256270665,2
7.081708586105575,0.0,3,1,6,5,63,47.916594202843754,3
6.754604099487962,0.0,2,1,6,4,54,41.42463035441596,2
7.706612913964197,0.0,4,3,6,7,52,66.6783323126786,4
6.912742820493176,0.0,2,2,5,4,70,44.83302354291979,2
6.990256500493881,809.0,4,2,5,7,31,51.05878964487897,4
6.946975992135418,0.0,2,2,5,5,60,45.60701700396552,2
7.142036574706802,0.0,3,2,5,5,65,50.3189825016365,3
6.773080375655535,887.0,3,2,6,7,18,51.332251070842396,3
6.9411900550683745,0.0,2,3,5,6,49,45.232731511594565,2
7.217443431696532,0.0,3,4,7,7,71,52.421369688324624,3
7.4318919168078,0.0,3,2,5,6,69,55.90169943749474,3
7.655864017616056,0.0,4,2,6,8,30,64.97691897897283,4
7.360739903058278,0.0,3,2,5,7,23,56.089214649520635,3
7.768110378525988,0.0,4,3,5,9,16,68.51277253184256,4
6.963189985870238,977.0,4,2,5,7,28,55.59676249567055,4
7.1631723908466425,0.0,3,0,5,6,29,50.813384063650005,3
6.754604099487962,0.0,2,1,7,5,67,41.42463035441596,2
6.548219102762372,560.0,3,2,5,6,86,42.638011210655684,3
6.0822189103764455,0.0,0,2,5,2,105,26.981475126464083,0
6.51025834052315,728.0,3,1,7,6,47,45.51922670696417,3
6.860663671448286,0.0,2,1,7,5,87,43.289721643826724,2
7.275864600546532,0.0,3,3,6,6,61,50.714889332423866,3
6.977281341630747,0.0,2,0,5,6,20,40.23679907746142,2
7.416979621381154,0.0,3,2,5,5,60,40.792156108742276,3
7.275864600546532,689.0,4,3,6,6,109,54.57105459856901,4
7.570443252057373,1254.0,4,3,6,8,91,64.49030934954492,4
6.815639990074331,912.0,4,2,5,6,54,52.306787322488084,4
6.78897174299217,868.0,3,2,5,6,29,51.264022471905186,3
6.815639990074331,0.0,2,2,8,5,60,42.708313008125245,2
7.319202458767848,0.0,3,2,5,6,37,54.49770637375485,3
7.05617528410041,448.0,3,1,6,6,100,50.83306010855534,3
7.182352111885263,0.0,3,2,5,6,20,51.30302135352264,3
6.922643891475888,0.0,2,1,7,5,100,42.22558466143482,2
6.6280413761795325,378.0,2,2,6,5,85,43.474130238568314,2
7.400009517162692,0.0,3,3,5,8,19,57.087651904768336,3
6.492239835020471,660.0,3,1,5,7,22,44.49719092257398,3
7.05617528410041,966.0,4,4,5,5,58,56.02677931132576,4
7.028201432058004,0.0,2,2,6,5,62,47.41307836451879,2
7.174724309836376,0.0,3,2,7,5,68,47.93745925682754,3
6.682108597449808,546.0,3,0,6,4,55,43.474130238568314,3
7.362645270417824,978.0,4,2,8,7,135,57.201398584300364,4
6.794586580876499,0.0,2,2,7,5,76,41.689327171351664,2
6.795705775173514,1039.0,4,4,5,6,18,53.16954015223378,4
6.51025834052315,546.0,3,0,5,6,52,43.474130238568314,3
7.057036981697891,808.0,4,3,6,7,48,52.69724850502159,4
7.106606137727302,870.0,4,2,5,8,30,57.532599454570104,4
7.302496423727326,0.0,3,3,6,5,54,54.47935388750494,3
7.412160334945205,0.0,3,2,5,5,52,57.54997827975264,3
6.706862336602747,406.0,3,0,8,6,99,45.18849411078001,3
6.92951677076365,1032.0,4,3,5,6,25,55.190578906186516,4
6.749931193788569,0.0,2,1,8,7,96,41.060930335295616,2
6.302618975744905,546.0,2,0,5,4,52,40.47221268969612,2
7.145196134997171,0.0,3,2,7,5,48,50.35871324805669,3
6.717804695023691,834.0,3,2,6,7,29,49.59838707054898,3
7.419380582918691,0.0,3,2,5,8,22,57.66281297335398,3
7.30854279753919,0.0,3,3,5,6,28,54.506880299646575,3
6.837332814685591,0.0,2,2,5,6,75,43.174066289845804,2
7.152268856032539,0.0,3,2,5,7,55,50.53711507397311,3
7.333023014386481,0.0,3,4,5,7,21,55.31726674375732,3
7.203405521083095,0.0,3,2,5,5,67,48.662100242385755,3
6.756932389247553,0.0,2,2,6,5,43,41.23105625617661,2
7.1808311990445555,0.0,3,1,5,7,18,51.264022471905186,3
7.237778191923443,571.0,4,2,5,7,19,57.905094767213704,4
6.669498089857879,702.0,3,4,5,7,21,47.7283982551269,3
6.742880635791903,0.0,2,0,5,6,21,41.182520563948,2
6.51025834052315,0.0,1,2,8,5,85,36.66060555964672,1
7.08002649992259,1152.0,4,2,9,7,84,59.09314681077663,4
6.694562058521095,704.0,3,2,7,5,109,46.604720790924176,3
6.586171654854675,754.0,3,1,9,7,53,46.94677837722201,3
7.111512116496156,0.0,3,2,5,7,16,49.51767361255979,3
6.883462586413092,1111.0,4,3,8,6,59,54.0277706369604,4
7.05444965813294,0.0,2,3,5,6,21,48.12483766206386,2
7.050989447068044,0.0,2,2,6,5,59,48.041648597857254,2
6.779921907472252,844.0,3,2,5,7,27,51.02940328869229,3
6.6502790485874215,885.0,3,2,5,6,30,49.3051721424842,3
7.026426808699635,0.0,2,2,5,4,76,33.555923471125034,2
6.77078942390898,521.0,3,4,7,5,70,47.0,3
7.584773077612199,1479.0,4,3,9,8,90,64.61423991660043,4
6.180016653652572,504.0,2,0,5,6,52,38.34057902536163,2
6.694562058521095,547.0,3,2,7,5,85,44.710177812216315,3
7.634820677745543,0.0,4,4,7,7,65,51.51698748956503,4
6.6293632534374485,0.0,3,0,5,7,26,38.742741255621034,1
7.588829878307813,0.0,4,4,5,8,19,62.864934582006846,4
7.354362330421476,0.0,3,2,5,8,18,55.910642993977454,3
6.349138991379798,539.0,2,1,7,7,99,41.02438299353203,2
6.746412128573374,651.0,3,1,6,7,94,47.7283982551269,3
7.457609289715606,0.0,3,3,5,3,70,41.6293165929973,3
7.521859252201629,880.0,4,4,5,9,20,67.64613810115105,4
6.4457198193855785,672.0,3,0,7,5,53,43.95452195167182,3
7.194436851100334,192.0,3,4,6,7,46,53.44155686354955,3
7.02108396428914,468.0,3,4,4,4,66,39.84971769034255,3
7.025538314638521,0.0,2,2,5,5,19,47.43416490252569,2
6.253828811575473,600.0,3,0,5,7,20,41.47288270665544,2
6.682108597449808,842.0,3,2,5,6,21,49.37610758251404,3
7.109062135687172,904.0,4,2,5,7,31,57.879184513951124,4
6.879355804460439,0.0,2,2,6,6,77,44.090815370097204,2
7.040536390215955,878.0,4,2,5,8,30,56.10704055642215,4
7.042286171939743,0.0,2,2,6,5,69,47.83304297240559,2
7.209340256602909,0.0,3,1,4,5,67,49.13247398615299,3
6.8308742346461795,0.0,3,1,7,5,96,43.034869582700026,2
6.990256500493881,838.0,4,3,5,8,27,54.86346689738081,4
7.059617628291383,0.0,2,2,5,5,75,48.249352327259274,2
6.858565034791365,0.0,2,1,7,5,74,43.634848458542855,2
6.843749949006225,1215.0,4,1,5,8,153,53.2634959423431,4
7.426549072397305,0.0,3,4,9,6,37,50.59644256269407,3
7.107425474110705,691.0,4,2,7,6,120,48.92851929090027,4
6.911747300251674,0.0,2,3,7,6,55,44.81071300481616,2
6.651571873589727,456.0,3,0,7,4,79,44.46346815083142,3
7.062191632286556,0.0,2,2,5,5,105,45.628938186199335,2
7.170888478512505,0.0,3,1,5,5,101,49.457052075512955,3
7.2813856635702825,0.0,3,1,5,7,39,53.907327887774215,3
7.3783837129967145,0.0,3,3,5,8,24,56.40921910468182,3
7.370230641807081,0.0,3,2,5,8,19,56.356011214421486,3
6.998509642250601,0.0,2,2,5,6,67,41.02438299353203,2
6.956545443151569,0.0,2,2,6,5,64,45.8257569495584,2
6.866933284461882,0.0,2,2,5,4,60,43.81780460041329,2
6.90975328164481,454.0,3,1,3,5,77,47.60252094164762,3
7.305860032684008,0.0,3,2,7,6,57,54.57105459856901,3
7.453561871643373,0.0,3,2,5,7,18,58.75372328627353,3
7.216709486709457,720.0,4,3,5,7,22,58.68560300448484,4
7.199678345691172,0.0,3,2,5,7,35,51.45872132107443,3
7.177782416195197,1140.0,4,4,5,8,27,61.106464469808756,4
6.778784897685177,984.0,4,3,5,7,19,52.364109846344185,4
6.643789733147672,0.0,1,2,7,5,53,39.191835884530846,1
5.8111409929767,0.0,0,1,3,1,79,18.275666882497067,0
7.035268599281096,0.0,2,2,6,6,60,47.66550115125194,2
7.198183577101943,0.0,3,0,5,6,27,50.73460357586329,3
6.815639990074331,0.0,2,1,5,5,61,42.708313008125245,2
6.775366090936391,936.0,4,1,5,5,63,51.73006862551025,4
6.958448393297655,720.0,4,2,8,5,86,49.91993589739474,3
6.489204931325317,526.0,2,2,3,5,115,42.91852746774987,2
6.871091294610546,925.0,4,2,4,7,115,53.04714883949938,4
7.190676034332207,0.0,3,1,6,5,66,48.88762624632127,3
7.259819610363186,0.0,3,3,6,6,44,53.32916650389353,3
7.397561535524052,0.0,3,4,4,5,58,57.1314274283428,3
7.396335293800807,0.0,3,2,5,7,25,57.09640969448079,3
6.920671504248683,0.0,3,2,2,3,110,45.0111097397076,2
6.946975992135418,0.0,2,1,5,4,76,32.2490309931942,2
6.734591659972947,806.0,3,1,4,6,110,49.52776998815917,3
7.191429330036379,653.0,4,1,3,4,97,55.70457790882182,4
7.404887575616125,0.0,3,2,5,6,72,55.31726674375732,3
7.301147805856032,1092.0,4,2,5,8,18,63.686733312362634,4
6.966024187106113,764.0,4,3,6,6,106,50.872389367907616,4
7.207859871432475,0.0,3,2,5,6,61,50.97057974949863,3
6.86484777797086,0.0,2,1,6,6,49,43.77213725647858,2
6.959398512133975,795.0,4,3,7,6,102,51.778373863998475,4
7.3901814282264295,0.0,3,2,4,4,49,53.86093203798092,3
7.062191632286556,0.0,2,2,6,6,33,48.218253804964775,2
6.682108597449808,0.0,3,2,4,6,80,39.153543900903784,2
6.793466132580009,0.0,2,1,5,5,58,42.23742416388575,2
6.6895992691789665,0.0,2,1,7,5,85,39.89987468652001,2
7.038783541388541,0.0,2,4,5,5,19,47.74934554525329,2
6.890609120147166,813.0,3,1,5,6,62,50.75431016179808,3
7.0192966537150445,912.0,4,3,6,6,49,53.646994324006634,4
6.933423025730715,981.0,4,2,5,10,17,54.99090833947008,4
6.538139823767669,0.0,1,1,6,5,105,37.17526059088221,1
6.666956792429207,0.0,3,2,5,8,17,39.42080668885405,2
7.103322062526112,639.0,4,2,4,6,71,53.376024580330075,4
6.93537044601511,776.0,3,1,5,7,26,52.896124621752776,3
6.784457062637643,884.0,3,2,5,7,22,51.49757275833493,3
7.5126175446745105,1796.0,4,4,5,10,30,74.54528824815154,4
7.168579897264035,0.0,3,2,5,6,40,50.950956811427986,3
7.496097345175956,0.0,3,4,8,7,66,57.463031594234565,3
6.4457198193855785,0.0,1,0,7,5,55,35.4964786985977,1
7.005789019253502,0.0,2,1,6,6,100,46.968074263269514,2
6.755768921984255,319.0,2,2,7,4,125,45.13313638558703,2
7.086737934510577,0.0,3,1,7,4,109,48.908077042549934,3
7.22402480828583,0.0,3,2,5,7,18,52.38320341483518,3
7.266128779556451,0.0,3,2,5,6,63,50.299105359837164,3
7.259819610363186,0.0,3,2,5,7,21,53.32916650389353,3
6.983789965258135,874.0,4,4,5,6,33,59.43904440685432,4
7.02197642307216,0.0,2,2,5,4,22,47.34976240700686,2
7.04141166379481,1330.0,4,2,5,8,21,60.13318551349163,4
6.963189985870238,0.0,2,1,5,5,63,45.9782557302906,2
7.01211529430638,0.0,2,2,6,5,47,46.97871858618538,2
7.059617628291383,1106.0,4,3,7,8,26,58.497863208838666,4
7.609862200913554,0.0,4,3,5,9,17,63.40346993658943,4
6.51025834052315,714.0,3,3,5,6,47,45.36518488885502,3
6.9865664594064265,871.0,4,2,5,8,20,55.09083408335728,4
7.198183577101943,0.0,3,1,5,8,32,51.710733895391584,3
6.904750769961838,1288.0,4,2,5,8,25,57.043842787806646,4
7.4489161025442,0.0,3,2,5,8,18,58.5064099052403,3
6.990256500493881,0.0,2,3,5,5,59,45.93473631142341,2
7.349230824613334,0.0,3,0,5,7,18,54.11099703387473,3
7.550661243105336,0.0,4,4,8,7,66,61.6765757804371,4
7.168579897264035,1216.0,4,2,5,7,35,61.07372593840988,4
7.1098794630722715,0.0,3,1,5,5,46,48.062459362791664,3
6.960347729101308,0.0,2,2,8,6,56,45.91296113299599,2
7.151485463904735,1336.0,4,3,5,8,27,61.94352266379432,4
6.804614520062623,0.0,2,1,6,5,58,42.16633728461603,2
7.050122520269059,0.0,4,3,7,7,45,44.69899327725402,2
6.535241271013659,703.0,3,2,7,6,48,45.617978911828175,3
7.051855622955894,0.0,2,3,7,5,64,47.58150901348127,2
7.035268599281096,768.0,4,1,4,5,75,55.78530272392541,4
6.856461984594587,208.0,2,1,7,6,96,44.94441010848846,2
6.621405651764134,611.0,3,1,8,6,105,44.41846462902562,3
6.912742820493176,1286.0,4,2,5,7,26,57.148928248918196,4
6.4754327167040895,668.0,3,2,4,4,105,44.339598554790726,3
7.458186157340487,0.0,3,3,5,8,18,58.88972745734183,3
7.085064293952547,0.0,3,2,6,6,66,48.86716689148246,3
6.775366090936391,540.0,3,3,8,5,110,47.8748368143433,3
7.232010331664758,0.0,3,3,5,5,71,52.592775169218825,3
6.90875477931522,1001.0,4,1,6,5,76,54.79963503528103,4
7.310550158534422,0.0,3,2,5,8,18,54.699177324709375,3
6.891625897052253,620.0,3,2,5,5,84,50.872389367907616,3
6.638567789166521,0.0,1,1,5,5,100,38.0,1
6.884486652042782,755.0,3,2,5,6,40,49.72926703662542,3
7.309212365692763,0.0,3,2,5,7,19,54.662601474865795,3
6.893656354602635,0.0,2,1,5,6,99,44.11349000022555,2
7.04315991598834,0.0,2,0,5,7,20,47.853944456021594,2
6.60934924316738,742.0,3,1,6,6,111,47.18050444834179,3
7.203405521083095,0.0,3,3,6,6,67,46.50806381693394,3
6.86484777797086,581.0,3,2,8,5,121,46.78675026115834,3
7.033506484287697,1370.0,4,2,5,9,20,60.21627686929839,4
6.616065185132817,0.0,1,1,5,4,99,36.701498607005135,1
7.010311867307229,989.0,4,2,6,7,27,56.61271941887264,4
8.051340933292977,1538.0,4,4,5,10,18,88.39683252243827,4
6.666956792429207,390.0,2,1,9,6,88,43.289721643826724,2
6.579251212010101,0.0,1,1,5,4,105,37.94733192202055,1
7.365180126021012,0.0,3,3,5,8,18,56.213877290220786,3
7.272398392570046,0.0,3,1,3,4,48,53.665631459994955,3
6.6039438246004725,0.0,3,2,5,6,20,38.41874542459709,1
7.313220387090301,0.0,3,2,5,7,21,54.772255750516614,3
6.784457062637643,464.0,3,1,8,5,100,47.24404724407086,3
7.090076835776092,0.0,3,2,8,5,60,45.43126676640219,3
7.239932591320469,0.0,3,2,5,6,62,52.80151512977634,3
6.684611727667927,832.0,3,2,8,6,59,49.31531202375181,3
6.815639990074331,0.0,2,2,5,5,58,42.708313008125245,2
7.22256601882217,1254.0,4,4,6,6,107,63.198101237299845,4
7.4360278163518485,0.0,3,3,5,5,63,53.25410782277739,3
6.5250296578434615,548.0,3,2,6,5,115,40.8656334834051,3
7.3453648404168685,1178.0,4,2,8,8,93,59.833101206606365,4
6.590301048196686,728.0,3,4,5,6,19,46.73328578219169,3
6.761572768804055,0.0,2,1,6,4,55,41.569219381653056,2
6.877296071497428,739.0,3,0,5,6,21,51.75905717843013,3
6.697034247666484,855.0,3,2,6,8,24,49.749371855331,3
7.22402480828583,1274.0,4,2,5,7,32,63.190189111918315,4
6.682108597449808,0.0,3,1,5,7,22,39.949968710876355,2
6.921658184151128,685.0,3,2,5,3,125,51.73973328110612,3
7.416378479192927,0.0,3,4,6,4,71,55.018178813915675,3
7.454719949364001,0.0,3,2,5,5,62,58.787753826796276,3
6.961296045910166,790.0,4,3,5,6,33,53.85164807134504,4
6.927557906278317,831.0,4,2,8,6,61,51.70106381884226,4
7.305860032684008,0.0,3,3,5,8,19,54.57105459856901,3
6.761572768804055,0.0,2,2,6,6,66,41.569219381653056,2
7.135687347028144,0.0,3,2,6,5,60,50.11985634456667,3
6.704414354964107,0.0,2,1,8,5,43,40.39801975344831,2
6.804614520062623,918.0,4,3,6,7,60,51.807335387954474,4
6.815639990074331,1215.0,4,3,5,7,34,56.84188596448925,4
6.970730078143525,0.0,2,2,5,5,65,46.151923036857305,2
7.090076835776092,0.0,3,3,5,6,102,48.98979485566356,3
7.09672137849476,0.0,3,1,5,7,19,48.938737212968626,3
7.0326242610280065,1349.0,4,3,5,8,20,59.799665550904216,4
7.450079569807499,0.0,3,2,5,7,29,58.65151319446072,3
6.733401891837359,0.0,2,0,7,5,95,38.88444419044716,2
7.165493475060845,0.0,3,1,5,6,34,50.714889332423866,3
6.993932975223189,0.0,2,1,5,5,20,46.69047011971501,2
7.060476365999801,0.0,4,3,5,8,27,48.02082881417188,2
6.876264611890766,0.0,2,2,6,5,50,44.02272140611028,2
6.795705775173514,0.0,2,4,4,3,90,42.28474902373195,2
6.93537044601511,0.0,2,2,6,5,98,45.12205669071391,2
6.88653164253051,979.0,4,1,6,6,79,54.194095619356915,4
7.492760300922379,0.0,3,2,5,8,19,59.91660871578097,3
7.570443252057373,0.0,4,2,5,9,16,62.20932405998316,4
7.071573364211532,0.0,2,2,6,5,52,48.518037882832814,2
6.697034247666484,672.0,3,3,8,6,100,46.411205543489174,3
7.2640301428995295,0.0,3,3,5,7,17,53.33854141237835,3
6.761572768804055,0.0,2,4,6,5,53,41.569219381653056,2
6.423246963533519,495.0,2,2,6,5,84,41.557189510360296,2
6.522092798170152,790.0,3,2,8,6,32,46.36809247747852,3
7.017506142941256,0.0,2,2,6,6,63,47.24404724407086,2
6.761572768804055,0.0,2,1,6,6,66,41.569219381653056,2
7.167809184316444,0.0,3,2,6,5,71,50.93132631298737,3
7.014814351275545,0.0,2,2,7,5,75,47.18050444834179,2
7.313886831633462,0.0,3,2,5,7,26,54.69003565550127,3
6.638567789166521,783.0,3,2,5,7,16,47.989582202807306,3
6.898714534329987,956.0,4,3,5,7,21,54.20332093147061,4
7.448333860897475,0.0,3,2,5,8,19,58.532042506647585,3
6.958448393297655,0.0,2,2,7,6,54,45.40925015897091,2
7.027314514039776,886.0,4,2,5,7,29,55.94640292279746,4
7.143617602704121,0.0,3,0,5,7,18,50.3189825016365,3
7.596894438144544,876.0,4,4,5,9,20,69.7137002317335,4
6.887552571664617,1276.0,4,2,5,7,25,56.639209034025185,4
7.254177846456518,0.0,3,2,5,7,21,53.178943201233324,3
6.841615476477592,785.0,3,2,5,6,31,51.468436929831086,3
6.698268054115412,741.0,3,3,6,6,50,47.59201613716318,3
6.548219102762372,430.0,2,1,4,4,105,42.731721238442994,2
7.0192966537150445,0.0,2,2,6,6,48,47.05316142407437,2
7.454719949364001,0.0,3,3,5,6,49,58.787753826796276,3
7.430114138561801,762.0,4,4,7,8,31,63.85138996137829,4
7.29505641646263,0.0,3,4,8,5,57,53.94441583704471,3
7.079184394609668,530.0,3,3,5,7,35,53.600373133029585,3
7.061334366910438,0.0,2,2,5,7,20,44.96665431183423,2
7.22256601882217,0.0,3,1,5,8,19,52.3450093132096,3
7.452402451223638,0.0,3,4,5,6,58,58.34380858325929,3
6.877296071497428,739.0,3,0,5,7,21,51.75905717843013,3
6.180016653652572,0.0,2,0,3,6,54,31.080540535840107,0
6.803505257608338,901.0,3,1,6,7,105,50.941142507800116,3
7.064759027791801,1175.0,4,4,8,6,93,57.41950887982237,4
6.9735430195201396,0.0,2,2,8,6,62,46.119410230400824,2
7.388327859577107,0.0,3,2,5,6,32,56.753854494650845,3
7.126087273299125,0.0,3,3,6,6,68,49.879855653359705,3
7.07326971745971,0.0,2,3,5,4,103,43.3589667773576,2
6.253828811575473,623.0,3,0,5,7,20,41.7492514902962,2
7.430114138561801,0.0,3,2,6,6,45,58.0689245638319,3
7.406103381237015,0.0,3,2,5,8,18,57.30619512757761,3
7.042286171939743,0.0,2,2,6,5,64,44.81071300481616,2
6.844815479208263,858.0,3,2,5,7,19,52.306787322488084,3
7.1098794630722715,0.0,3,2,5,4,63,34.9857113690718,3
6.899723107284872,873.0,4,2,5,7,25,53.45091205957107,4
6.962243464266207,0.0,2,2,6,5,67,45.95650117230423,2
7.583756300707112,1174.0,4,3,5,9,17,71.17583859709698,4
7.10002716662926,0.0,3,2,7,6,48,41.44876355212541,3
7.434847875211999,0.0,3,2,5,8,21,58.137767414994535,3
6.687108607866514,709.0,3,3,5,6,28,48.093658625644196,3
6.963189985870238,0.0,2,1,7,5,72,45.9782557302906,2
7.1276936993473985,1044.0,4,3,6,4,140,55.380501984001555,4
7.227662498728654,806.0,4,3,5,7,37,58.19793810780585,4
7.437795121671932,1523.0,4,3,5,7,35,69.96427659884722,4
6.812345094177479,807.0,3,2,5,7,29,50.950956811427986,3
7.2019163175316265,0.0,3,2,5,6,58,52.09606511052442,3
7.3158835045097845,0.0,3,0,5,7,20,53.38539126015655,3
6.959398512133975,0.0,4,2,5,8,22,45.89117562233506,2
6.436150368369427,628.0,3,0,5,7,26,43.034869582700026,3
6.906754778648553,0.0,2,1,7,5,63,44.69899327725402,2
6.608000625296087,622.0,3,1,7,4,115,44.553338819890925,3
7.060476365999801,0.0,2,2,7,6,59,47.8748368143433,2
7.419380582918691,0.0,3,3,5,9,23,57.39337940912697,3
7.05444965813294,1218.0,4,3,5,8,20,59.447455790807396,4
6.790097235513905,551.0,3,1,4,5,125,44.49719092257398,3
6.677083461247135,676.0,3,3,6,6,28,47.58150901348127,3
7.340186835320115,0.0,3,3,5,7,20,55.51576352712804,3
7.272398392570046,0.0,3,3,4,4,70,53.665631459994955,3
7.044032897274684,0.0,2,2,5,7,22,44.87761134463375,2
7.309212365692763,0.0,3,2,5,8,30,54.662601474865795,3
7.2875606403097235,0.0,4,2,5,9,21,54.0740233383831,3
6.709304340258298,523.0,3,1,6,5,104,45.5411901469428,3
7.098375638590786,1242.0,4,4,5,8,27,58.9915248150105,4
7.027314514039776,850.0,4,2,6,6,61,52.848841046895245,4
6.969790669901589,703.0,3,1,7,7,38,53.207142377692115,3
7.188412736496954,0.0,3,1,5,8,19,51.45872132107443,3
6.815639990074331,546.0,3,4,5,6,77,48.68264577855234,3
7.1808311990445555,0.0,3,2,5,6,19,51.264022471905186,3
7.362010551259734,0.0,3,2,5,6,33,56.124860801609124,3
7.3901814282264295,0.0,3,3,5,9,18,56.92099788303083,3
7.00669522683704,684.0,3,3,5,4,68,53.777318638995006,3
6.816735880594968,0.0,2,2,5,6,59,41.557189510360296,2
7.636752112435779,0.0,4,3,6,6,47,60.124870062229654,4
6.638567789166521,677.0,3,0,5,8,26,47.085029467974216,3
6.703188113240863,875.0,3,2,6,7,109,50.049975024968795,3
7.270312886079025,0.0,3,3,6,5,69,51.234753829797995,3
7.6760099320288875,0.0,4,4,7,7,57,61.02458520956943,4
6.761572768804055,0.0,2,1,6,5,100,41.569219381653056,2
6.284134161070802,576.0,2,0,3,5,49,40.59556626036888,2
7.022868086082641,1121.0,4,3,5,7,35,54.249423960075376,4
6.697034247666484,518.0,3,2,4,4,100,44.87761134463375,3
6.875232087276577,0.0,2,2,6,4,98,40.29888335921977,2
6.548219102762372,698.0,3,2,7,6,110,45.760244754590204,3
7.526178913346145,0.0,4,3,2,9,15,60.92618484691127,4
7.383989457978508,551.0,4,2,5,8,18,61.180062111769715,4
7.379008127628304,0.0,3,4,7,6,48,56.60388679233962,3
6.4457198193855785,672.0,3,0,5,5,54,43.95452195167182,3
6.693323668269948,702.0,3,1,5,6,23,47.8748368143433,3
6.815639990074331,0.0,2,3,6,5,63,42.708313008125245,2
6.911747300251674,0.0,3,1,7,6,78,44.81071300481616,2
7.237059026124737,304.0,3,2,5,6,100,53.61902647381804,3
6.616065185132817,0.0,1,0,6,4,80,38.65229618017538,1
6.946975992135418,0.0,2,1,5,4,75,32.2490309931942,2
6.722629794855448,829.0,3,2,5,7,23,49.90991885387112,3
6.933423025730715,665.0,3,1,6,5,101,52.124850119688595,3
6.761572768804055,0.0,2,1,8,5,75,41.569219381653056,2
6.62273632394984,0.0,1,1,5,6,41,38.67815921162743,1
6.870053411798125,829.0,3,3,5,7,24,52.48809388804284,3
6.638567789166521,862.0,3,0,5,7,22,48.88762624632127,3
7.302496423727326,0.0,3,2,5,8,19,54.405882034941776,3
7.423568444259167,1818.0,4,4,9,7,145,70.44856279584417,4
7.409741954080923,0.0,3,3,5,9,19,57.48043145279966,3
7.151485463904735,0.0,3,2,3,5,67,50.51732376126036,3
7.013915474810528,0.0,3,2,8,6,75,44.36214602563767,2
6.579251212010101,472.0,3,2,4,4,76,43.726422218150894,3
6.784457062637643,0.0,2,2,7,5,42,41.52107898405339,2
7.07326971745971,0.0,4,3,5,7,37,48.342527861087284,2
6.717804695023691,0.0,2,1,7,5,70,28.75760768909681,2
7.035268599281096,883.0,4,3,8,7,115,52.41183072551463,4
6.423246963533519,688.0,3,0,6,5,49,39.59797974644666,3
6.52795791762255,684.0,3,0,7,6,115,45.2990066116245,3
6.733401891837359,765.0,3,1,6,3,110,49.44694126030446,3
7.61085279039525,0.0,4,3,5,10,16,63.45076831686122,4
6.437751649736401,625.0,3,0,5,7,19,43.30127018922193,3
7.392647520721623,0.0,3,3,5,8,31,56.991227395100026,3
6.739336627357174,0.0,2,1,6,4,43,41.10960958218893,2
7.236339342754343,0.0,3,2,5,5,51,52.706735812417755,3
6.875232087276577,0.0,2,2,6,5,102,44.0,2
6.302618975744905,546.0,2,0,5,4,55,40.47221268969612,2
6.742880635791903,0.0,2,0,5,6,22,41.182520563948,2
7.1459844677143876,0.0,3,1,6,5,65,50.37856687124,3
6.9957661563048505,0.0,2,3,5,5,63,46.73328578219169,2
7.291656209174461,795.0,4,4,7,7,48,55.299186250793966,4
6.858565034791365,0.0,2,2,7,4,69,43.634848458542855,2
6.601230118728876,716.0,3,0,5,4,105,46.776062254106,3
6.946013991099227,0.0,2,3,4,5,60,45.58508528016593,2
7.093404625868766,0.0,3,0,5,6,27,49.07137658554119,3
7.018401799069201,0.0,2,1,5,6,49,46.32493928760188,2
7.694392802629421,0.0,4,4,7,7,35,65.98484674529449,4
6.892641641172089,0.0,2,2,8,5,48,44.384682042344295,2
7.395721608602045,0.0,3,2,5,8,22,69.53416426476987,3
6.776506992372183,600.0,3,1,7,7,97,48.35286961494633,3
6.887552571664617,0.0,2,1,6,5,48,44.27188724235731,2
7.061334366910438,1129.0,4,3,5,7,33,58.22370651203855,4
6.802394763324311,602.0,3,2,7,6,102,45.86937976471886,3
7.362010551259734,626.0,4,4,7,6,59,53.83307533477908,4
6.956545443151569,1028.0,4,2,5,8,18,55.78530272392541,4
6.684611727667927,0.0,2,1,3,2,89,32.61901286060018,2
7.363913501405819,0.0,3,2,5,8,17,56.133768802744754,3
7.566311014772463,0.0,4,3,5,8,17,62.161081071680215,4
7.317876198626495,0.0,3,1,5,5,65,50.813384063650005,3
6.802394763324311,0.0,2,2,5,5,58,42.21374183841087,2
7.4489161025442,0.0,3,3,5,10,19,58.463663928973865,3
6.9930151229329605,661.0,3,2,6,5,145,48.84669896727925,3
7.232010331664758,1015.0,4,3,5,7,29,61.45730225123781,4
6.651571873589727,1194.0,4,3,5,8,16,52.364109846344185,4
7.336936913707618,0.0,3,2,5,7,23,55.42562584220407,3
6.761572768804055,0.0,2,2,3,3,111,41.569219381653056,2
8.07961802938984,0.0,4,3,5,8,33,80.17480901130978,4
7.325148957955575,631.0,4,3,5,7,22,59.85816569190874,4
7.1853870155804165,1320.0,4,3,7,7,145,62.289646009589745,4
7.427738840532893,0.0,3,2,6,7,55,54.644304369257,3
6.945051063725834,1060.0,4,2,5,8,20,55.92852581643825,4
6.761572768804055,0.0,2,2,5,5,60,41.569219381653056,2
7.0630481633881725,800.0,4,2,4,5,56,52.459508194416,4
7.00033446027523,0.0,2,2,5,6,41,46.22769732530488,2
6.52795791762255,512.0,3,3,8,6,105,43.3589667773576,3
7.132497551660044,668.0,4,3,5,5,67,54.516052681756044,4
7.454719949364001,0.0,3,3,5,5,60,58.787753826796276,3
7.028201432058004,903.0,4,2,5,8,23,56.20498198558558,4
7.086737934510577,0.0,3,2,5,6,69,48.908077042549934,3
6.688354713946762,0.0,2,1,6,5,84,39.02563260217571,2
6.659293919683638,840.0,3,2,5,5,56,48.98979485566356,3
7.648263030901919,0.0,4,4,5,8,20,64.60650122085238,4
7.533158807455562,0.0,4,1,5,9,18,61.13918547053109,4
6.862757913051401,930.0,4,3,5,7,27,53.0659966456864,4
6.173786103901937,0.0,0,2,3,2,76,30.983866769659336,0
7.16703787691222,0.0,3,2,5,4,58,36.0,3
6.704414354964107,0.0,2,2,6,4,87,40.39801975344831,2
7.3783837129967145,0.0,3,3,5,7,47,53.59104402789705,3
6.8690144506657065,830.0,3,2,5,6,25,52.230259428802384,3
7.209340256602909,1168.0,4,4,7,8,32,62.112800613078136,4
7.042286171939743,0.0,2,2,6,5,66,47.83304297240559,2
6.897704943128636,1611.0,4,2,6,5,104,56.68333088307355,4
6.879355804460439,605.0,3,1,5,6,86,50.48762224545735,3
6.877296071497428,0.0,2,2,6,5,62,44.04543109109048,2
7.618742377670413,0.0,4,4,5,7,60,64.59102104782058,4
6.933423025730715,0.0,2,1,8,6,56,45.2990066116245,2
6.548219102762372,0.0,1,2,9,5,78,37.36308338453881,1
7.3349818788718135,0.0,3,4,5,7,50,55.37147279962851,3
6.749931193788569,0.0,3,3,6,5,84,39.67366884975475,2
7.237778191923443,0.0,3,0,5,7,21,52.744667976962376,3
6.982862751468942,0.0,2,2,6,5,75,46.4327470649756,2
7.16703787691222,0.0,3,1,5,8,24,50.62608023538856,3
7.273786317844894,0.0,3,2,6,6,67,53.70288632839021,3
6.931471805599453,940.0,4,2,6,5,114,53.88877434122992,4
7.31455283232408,0.0,3,2,5,7,16,54.80875842417888,3
7.238496840894364,0.0,3,3,5,6,68,52.76362383309168,3
7.477604243197589,0.0,3,2,5,4,57,59.464274989274024,3
7.366445148327599,0.0,3,4,5,5,61,56.621550667568265,3
6.86484777797086,0.0,2,3,8,6,65,43.77213725647858,2
6.795705775173514,0.0,2,1,5,5,53,42.28474902373195,2
7.1098794630722715,0.0,3,0,5,6,26,49.47726750741192,3
7.462789157412447,590.0,4,3,5,10,18,63.35613624582863,4
7.1459844677143876,0.0,3,0,5,8,21,50.24937810560445,3
7.4821189235521155,0.0,3,4,5,8,19,59.22837157984339,3
6.590301048196686,728.0,3,2,5,6,20,46.73328578219169,3
7.085064293952547,0.0,3,2,6,6,66,43.0,3
6.915723448631313,0.0,2,2,7,5,72,44.8998886412873,2
7.349230824613334,0.0,3,0,5,7,20,54.11099703387473,3
6.793466132580009,892.0,3,3,5,5,111,50.309044912421065,3
7.010311867307229,0.0,2,1,7,7,95,41.773197148410844,2
6.625392368007956,640.0,3,2,5,5,19,42.16633728461603,3
6.887552571664617,734.0,3,2,5,7,37,51.90375708944392,3
6.782192056006791,0.0,2,2,7,5,66,29.698484809834994,2
7.174724309836376,0.0,3,1,2,3,85,45.09988913511872,3
6.439350371100098,591.0,3,2,6,6,45,42.930175867331364,3
6.897704943128636,0.0,2,2,5,5,31,44.49719092257398,2
7.031741258763128,1320.0,4,3,5,8,21,59.74110812497538,4
6.742880635791903,0.0,2,0,5,6,22,41.182520563948,2
6.546785410760524,672.0,3,1,6,6,100,45.17742799230607,3
7.1049654482698426,0.0,3,1,5,6,16,49.35585071701227,3
7.260522598089852,748.0,4,3,7,6,103,52.52618394667559,4
7.1284959456800365,0.0,3,0,5,8,20,49.93996395673509,3
7.340835554123275,1330.0,4,3,7,6,48,64.82283548256741,4
7.409741954080923,0.0,3,1,5,8,17,57.02630971753301,3
7.5196924041165385,0.0,4,3,6,6,48,60.728905802755904,4
7.014814351275545,858.0,4,2,5,7,20,55.53377350765928,4
6.914730892718562,793.0,3,2,5,6,25,52.744667976962376,3
6.967909201801884,887.0,4,2,5,7,32,54.76312628037227,4
6.4457198193855785,0.0,1,0,6,4,53,35.4964786985977,1
7.309212365692763,0.0,3,3,5,7,23,54.662601474865795,3
6.396929655216146,0.0,2,1,6,3,115,34.64101615137755,1
7.149916836132109,0.0,3,2,5,7,20,50.47771785649585,3
7.3264656138403215,0.0,3,2,6,6,70,51.73006862551025,3
7.15851399732932,0.0,3,2,5,6,48,44.10215414239989,3
6.693323668269948,702.0,3,1,5,7,22,47.8748368143433,3
7.040536390215955,793.0,4,3,7,7,49,52.230259428802384,4
6.704414354964107,0.0,2,3,5,6,35,40.39801975344831,2
7.090076835776092,0.0,3,2,5,7,22,48.744230427815765,3
6.904750769961838,0.0,3,2,6,4,71,44.02272140611028,2
7.412160334945205,0.0,3,4,5,6,65,52.306787322488084,3
6.674561391814426,0.0,2,2,8,5,101,39.496835316262995,2
7.434847875211999,0.0,3,3,5,8,18,58.20652884342099,3
7.495541943884255,0.0,3,3,5,8,23,60.0,3
7.259819610363186,915.0,4,3,5,5,125,54.76312628037227,4
7.0630481633881725,678.0,4,2,6,6,76,53.72150407425317,4
6.933423025730715,0.0,2,2,6,6,47,44.339598554790726,2
6.806829360392176,0.0,2,1,7,5,59,42.190046219457976,2
7.026426808699635,0.0,2,4,5,5,48,47.45524207081869,2
7.035268599281096,1332.0,4,3,5,8,21,60.03332407921454,4
6.895682697747867,0.0,2,4,5,6,56,43.88621651498338,2
6.958448393297655,0.0,2,2,5,5,57,45.86937976471886,2
6.349138991379798,524.0,2,2,5,6,101,40.84115571332428,2
7.039660349862076,0.0,2,3,5,6,20,47.77028364998475,2
6.91968384984741,778.0,3,2,5,6,53,50.21951811795888,3
6.911747300251674,848.0,4,2,5,8,26,53.44155686354955,4
6.253828811575473,0.0,1,1,8,6,90,32.2490309931942,1
6.436150368369427,720.0,3,0,5,5,109,44.36214602563767,3
7.699389406256736,0.0,4,4,5,7,55,64.45153217728807,4
7.175489713624222,1051.0,4,4,8,6,117,57.14017850864661,4
7.069023426578259,1540.0,4,2,9,8,49,62.10475022089695,4
7.218176838403407,0.0,3,1,5,7,20,52.230259428802384,3
7.133295954896068,0.0,3,1,5,7,30,49.8998997994986,3
7.191429330036379,0.0,3,2,5,6,62,51.536394906900505,3
7.259819610363186,0.0,3,3,5,5,65,48.98979485566356,3
7.07834157955767,800.0,4,3,6,7,60,52.478567053607705,4
6.858565034791365,0.0,2,2,6,6,109,43.634848458542855,2
7.414572881350589,0.0,3,2,5,8,19,57.619441163551734,3
7.711548979629145,0.0,4,4,5,9,17,66.70832032063167,4
6.672032945461067,0.0,2,1,5,6,95,39.4715087119811,2
7.200424892944957,0.0,3,2,5,7,18,51.76871642217914,3
7.383989457978508,0.0,3,2,7,6,48,56.74504383644443,3
7.215975002651466,1259.0,4,4,5,5,48,63.095166217389426,4
7.129297548929372,0.0,3,0,5,7,20,49.95998398718719,3
6.815639990074331,0.0,2,1,8,6,64,42.708313008125245,2
6.849066282633458,0.0,3,2,5,6,27,43.42810150121693,2
7.391415234675358,0.0,3,4,4,4,64,53.58171329847526,3
7.269616749608169,884.0,4,1,8,6,80,57.86190456595773,4
7.042286171939743,0.0,2,1,6,5,64,47.83304297240559,2
6.742880635791903,672.0,3,0,5,5,93,48.093658625644196,3
7.323830566202317,0.0,3,2,6,6,61,55.06359959174482,3
7.311886164077165,0.0,3,2,5,7,19,54.735728733616035,3
6.6895992691789665,1157.0,4,3,5,6,24,52.583267300539625,4
6.590301048196686,728.0,3,2,5,7,19,46.73328578219169,3
7.095893221097532,1196.0,4,4,7,7,85,58.60887304837041,4
7.572502985020384,0.0,4,3,5,9,22,61.96773353931867,4
7.221105098182496,0.0,3,1,5,7,20,52.306787322488084,3
6.782192056006791,908.0,3,2,5,7,26,51.60426338976267,3
7.297091005160418,1237.0,4,4,5,9,17,64.53681120105021,4
6.579251212010101,551.0,3,4,5,5,77,44.62062303464621,3
7.534762657037537,0.0,4,2,5,7,37,60.96720429870473,4
7.081708586105575,900.0,4,1,5,7,41,57.271284253105414,4
6.782192056006791,914.0,3,2,5,6,27,50.89204259999789,3
7.171656822768514,0.0,3,2,5,7,18,51.02940328869229,3
7.8336002236611035,0.0,4,2,5,8,44,71.04927867332644,4
6.733401891837359,534.0,3,1,6,4,105,47.05316142407437,3
6.638567789166521,862.0,3,0,5,7,22,48.88762624632127,3
6.5998704992128365,299.0,2,2,6,5,85,42.05948168962618,2
7.325148957955575,0.0,3,3,5,8,22,55.09990925582364,3
7.111512116496156,592.0,4,1,4,7,94,53.46026561849464,4
7.415175109613295,0.0,3,3,5,7,27,57.532599454570104,3
6.99942246750796,895.0,4,3,7,6,93,53.33854141237835,4
6.723832440821209,650.0,3,2,9,7,105,46.17358552246078,3
7.462789157412447,0.0,3,1,5,8,40,59.02541825349483,3
6.530877627725885,564.0,3,2,7,5,107,44.0,3
6.704414354964107,0.0,2,1,6,6,91,40.39801975344831,2
6.831953565565855,988.0,4,2,5,8,33,53.131911315140925,4
7.0833878476252945,403.0,3,2,5,6,85,50.34878350069642,3
7.415175109613295,0.0,3,2,6,6,70,51.507281038703645,3
6.723832440821209,1103.0,4,2,5,8,16,52.602281319349636,4
7.492760300922379,0.0,3,2,5,8,23,59.76621118993574,3
6.741700694652054,1081.0,4,2,5,7,22,52.67826876426369,4
7.055312843339752,0.0,2,3,5,5,57,47.01063709417264,2
6.75110146893676,601.0,3,0,5,6,47,48.07286136688766,3
7.036148493750535,817.0,4,4,9,7,86,52.459508194416,4
7.614805364711073,0.0,4,3,5,8,20,62.41794613730894,4
7.971776122880628,0.0,4,4,6,8,49,66.80568838055633,4
6.70196036600254,860.0,3,1,5,7,25,49.879855653359705,3
6.881411303642535,0.0,2,2,5,5,34,44.13615298142782,2
6.994849985833071,898.0,4,3,5,8,23,55.263007518592396,4
6.984716320118265,1017.0,4,3,5,7,32,56.36488268416781,4
7.273786317844894,0.0,3,3,5,7,35,53.53503525729669,3
7.029972911706386,0.0,2,2,6,5,105,47.43416490252569,2
7.0326242610280065,687.0,4,2,6,7,100,53.34791467339656,4
7.228388451573603,741.0,4,2,6,6,53,52.99056519796708,4
7.142036574706802,1312.0,4,3,5,8,19,61.72519744804386,4
6.659293919683638,240.0,2,1,8,5,150,42.42640687119285,2
6.998509642250601,679.0,3,2,2,4,125,53.563046963368315,3
6.806829360392176,0.0,2,2,1,1,103,39.83716857408418,2
6.511745329644728,709.0,3,0,5,7,25,45.332107826572546,3
7.325148957955575,1518.0,4,4,9,10,133,64.36614016701638,4
7.071573364211532,1032.0,4,2,4,6,145,56.72741841473134,4
6.692083742506628,766.0,3,2,5,6,30,48.76474136094644,3
7.508787170634276,0.0,4,4,5,7,54,58.881236400062114,4
6.962243464266207,0.0,2,2,6,5,57,45.95650117230423,2
6.855408798609927,272.0,3,2,7,5,101,44.77722635447622,3
7.216709486709457,0.0,3,2,5,6,64,52.191953402799555,3
6.742880635791903,0.0,2,0,5,6,21,41.182520563948,2
7.2682230211595655,0.0,3,2,5,7,24,53.74011537017761,3
7.09672137849476,0.0,3,1,5,7,18,49.15282290977803,3
6.99942246750796,370.0,3,2,8,5,89,47.56048780237646,3
7.594381242551816,0.0,4,3,5,8,31,63.0317380372777,4
7.1891677384203225,1093.0,4,2,5,7,32,61.065538563088104,4
7.1808311990445555,0.0,3,1,5,7,18,51.264022471905186,3
6.877296071497428,739.0,3,0,5,7,21,51.75905717843013,3
6.51025834052315,546.0,3,0,5,6,54,43.474130238568314,3
7.272398392570046,1440.0,4,2,7,6,111,65.72670690061993,4
7.090076835776092,0.0,3,2,5,5,38,48.98979485566356,3
6.815639990074331,0.0,2,1,7,5,67,42.708313008125245,2
7.8013913202914855,1872.0,4,4,6,10,31,82.21921916437786,4
6.752270376141742,854.0,3,2,5,7,22,50.65570056765576,3
7.118016204465333,1140.0,4,3,5,8,22,59.62382074305537,4
6.756932389247553,704.0,3,3,7,7,84,47.62352359916263,3
7.290292882446597,0.0,3,4,4,5,66,54.147945482723536,3
7.232010331664758,0.0,3,3,5,6,65,52.592775169218825,3
7.336285660021297,0.0,3,1,5,5,46,39.179076048319466,3
6.897704943128636,0.0,2,3,5,5,30,44.49719092257398,2
6.82219739062049,728.0,3,1,5,7,84,50.635955604688654,3
6.811244378601293,1020.0,4,2,8,6,115,54.29548784199291,4
6.946975992135418,685.0,3,3,6,7,46,47.58150901348127,3
7.663407664893479,743.0,4,2,5,8,33,67.49074010558782,4
6.9957661563048505,1020.0,4,2,5,6,56,55.35341001239219,4
6.6293632534374485,567.0,3,1,6,4,89,44.67661580737735,3
6.253828811575473,600.0,3,0,5,7,20,41.47288270665544,2
6.51025834052315,672.0,3,2,7,5,105,44.8998886412873,3
6.733401891837359,828.0,3,3,5,7,22,50.07993610219566,3
6.946975992135418,0.0,2,2,4,3,75,32.2490309931942,2
6.802394763324311,0.0,2,1,7,5,74,42.42640687119285,2
7.351799869057777,0.0,3,2,6,5,77,55.839054433254866,3
6.854354502255021,0.0,2,2,5,4,71,42.567593307585526,2
6.827629234502852,0.0,2,2,5,6,45,42.96510211788167,2
7.3472997007431635,0.0,3,2,5,7,20,55.71355310873648,3
6.8679744089702925,0.0,3,2,5,7,110,41.43669871020132,2
7.450660796211539,0.0,3,2,6,5,57,56.40921910468182,3
6.180016653652572,504.0,2,0,5,6,52,38.34057902536163,2
7.090076835776092,0.0,3,3,5,6,30,48.98979485566356,3
7.045776576879511,568.0,3,3,4,5,76,49.839743177508446,3
6.795705775173514,0.0,2,2,8,5,60,42.28474902373195,2
7.479299637782833,0.0,3,4,4,5,65,42.08325082500163,3
7.067319848653475,0.0,2,2,6,7,51,47.18050444834179,2
7.160069207596126,0.0,3,2,7,5,66,48.47679857416329,3
7.231287004327615,0.0,3,3,5,4,62,49.3254498205541,3
7.101675971619444,1306.0,4,2,5,7,30,61.0163912403872,4
7.102499355774649,0.0,3,3,7,6,67,49.29503017546495,3
7.0925737159746784,1323.0,4,2,5,8,31,60.753600716336145,4
6.396929655216146,600.0,3,0,5,7,21,42.42640687119285,3
7.454719949364001,0.0,3,2,5,5,49,58.787753826796276,3
6.804614520062623,808.0,3,2,6,7,104,47.81213235152768,3
7.249215057114389,985.0,4,2,5,8,28,61.54673021371647,4
6.921658184151128,730.0,3,2,7,7,32,52.3450093132096,3
6.71174039505618,843.0,3,2,6,7,18,49.77951385861457,3
7.156176637480615,1414.0,4,2,5,7,18,62.928530890209096,4
6.761572768804055,0.0,2,2,6,4,54,41.569219381653056,2
6.51025834052315,0.0,1,2,6,4,84,36.66060555964672,1
7.1853870155804165,0.0,3,3,6,5,59,49.839743177508446,3
6.86484777797086,0.0,2,1,5,6,49,45.12205669071391,2
7.444248649496705,0.0,3,3,5,7,21,58.48076606885378,3
7.14282740116162,0.0,3,2,8,5,60,49.839743177508446,3
7.283448228756631,0.0,3,0,5,8,22,52.23983154643591,3
6.9726062513017535,472.0,3,1,6,5,89,49.658836071740545,3
7.58018941794454,0.0,4,2,5,7,37,62.177166226839255,4
6.915723448631313,0.0,3,1,5,5,99,44.8998886412873,2
7.024649030453636,0.0,2,2,5,5,71,33.52610922848042,2
7.009408932708637,983.0,4,2,6,7,52,56.542019772908716,4
7.101675971619444,0.0,3,2,7,5,60,49.27473997901968,3
7.483806687665835,0.0,3,4,4,5,70,59.51470406546604,3
7.395721608602045,0.0,3,4,5,8,23,56.96490147450446,3
7.348587530927593,0.0,3,0,5,8,19,55.749439459065414,3
6.900730664045172,1243.0,4,3,5,7,28,56.568542494923804,4
6.679599185844383,0.0,2,0,4,4,103,39.89987468652001,2
6.733401891837359,840.0,3,4,7,6,110,50.19960159204453,3
6.742880635791903,0.0,2,0,5,6,22,41.182520563948,2
7.040536390215955,0.0,2,0,5,5,49,47.791212581394085,2
7.132497551660044,0.0,3,3,7,6,65,53.422841556772326,3
7.428927194802272,0.0,3,2,5,9,20,58.034472514187634,3
7.600902459542082,0.0,4,2,5,8,21,63.245553203367585,4
7.38770923908104,0.0,3,2,5,7,20,56.85068161420758,3
7.1693500166706,573.0,4,3,5,8,24,56.31163290120435,4
6.948897222313312,534.0,3,1,6,5,97,51.16639522186413,3
7.069023426578259,807.0,4,3,6,7,36,52.81098370604357,4
6.895682697747867,0.0,2,1,7,5,75,43.174066289845804,2
7.5196924041165385,0.0,4,2,5,8,20,60.728905802755904,4
7.1372784372603855,0.0,3,2,7,6,54,50.15974481593781,3
7.160845906664298,0.0,3,4,5,8,29,50.47771785649585,3
7.398786275419948,0.0,3,3,5,8,19,57.09640969448079,3
6.75110146893676,0.0,3,0,5,6,51,41.352146256270665,2
6.561030665896572,707.0,3,2,5,8,21,46.05431575867782,3
7.3158835045097845,0.0,3,3,5,7,29,54.84523680320835,3
7.4205789054108005,0.0,3,4,5,7,19,57.79273310719956,3
7.323830566202317,651.0,4,4,7,7,51,57.956880523368405,4
6.974478911025045,0.0,2,0,6,6,48,46.238512086787566,2
6.977281341630747,0.0,2,0,5,6,20,40.23679907746142,2
7.360103972989152,0.0,3,4,4,5,62,56.07138307550475,3
7.08002649992259,561.0,4,2,6,5,135,53.2634959423431,3
6.782192056006791,0.0,2,1,6,4,69,42.0,2
7.561121589530238,0.0,4,3,5,9,20,62.0,4
6.659293919683638,0.0,2,1,7,5,53,39.496835316262995,2
6.928537818164665,580.0,3,3,6,5,67,46.195237849804386,3
7.333023014386481,0.0,3,4,5,7,20,55.31726674375732,3
6.725033642166842,0.0,2,2,5,5,40,40.8166632639171,2
6.520621127558696,504.0,2,1,7,3,77,42.80186911806539,2
6.946975992135418,0.0,2,1,8,5,63,45.60701700396552,2
7.290292882446597,1362.0,4,2,5,8,19,65.5286197016235,4
6.939253946041508,220.0,3,2,5,6,75,47.791212581394085,3
7.1276936993473985,0.0,3,1,7,5,66,49.91993589739474,3
6.806829360392176,0.0,2,1,7,6,99,42.28474902373195,2
6.873163834212518,686.0,3,2,6,5,110,48.35286961494633,3
6.943122422819428,0.0,3,3,7,5,76,43.22036556994862,2
7.066466970136958,741.0,4,1,6,6,97,53.0,4
7.213768308118641,0.0,3,1,5,7,16,52.11525688318153,3
7.4127640174265625,0.0,3,3,3,6,55,57.56735185849702,3
6.731018100482083,0.0,2,2,7,6,107,40.66939881532551,2
6.92951677076365,1038.0,4,2,5,7,26,55.24490926773253,4
6.638567789166521,862.0,3,0,5,7,22,48.88762624632127,3
6.4967749901858625,689.0,3,2,7,6,56,44.88875137492688,3
6.875232087276577,408.0,3,2,5,5,84,46.3033476111609,3
6.744059186311347,811.0,3,3,7,6,91,48.73397172404482,3
6.423246963533519,796.0,3,2,5,6,19,45.033320996790806,3
6.6280413761795325,713.0,3,2,7,6,119,47.16990566028302,3
6.651571873589727,656.0,3,2,5,7,25,42.59107887809371,3
6.9975959829819265,0.0,2,2,5,6,72,46.776062254106,2
7.509883061154913,0.0,4,3,5,8,20,60.332412515993425,4
6.51025834052315,252.0,2,2,7,5,76,39.949968710876355,2
7.31455283232408,0.0,3,1,5,8,40,54.680892457969264,3
6.423246963533519,1072.0,3,3,5,6,28,48.0,3
7.140453043101158,0.0,3,1,5,6,19,50.23942674832188,3
7.552237287560801,0.0,4,3,5,9,19,61.72519744804386,4
7.050122520269059,878.0,4,3,5,7,27,56.42694391866354,4
7.207859871432475,0.0,3,2,5,6,51,49.13247398615299,3
6.846943139585379,888.0,4,2,6,7,22,52.630789467763066,4
6.872128101338986,0.0,2,1,5,5,60,42.34383071948026,2
6.51025834052315,252.0,2,3,4,4,84,39.949968710876355,2
6.961296045910166,1208.0,4,2,5,8,24,57.60208329565867,4
7.119635638017636,872.0,4,3,7,6,90,56.87706040223949,4
7.124478262493424,0.0,3,2,6,7,52,49.839743177508446,3
6.896694331622712,584.0,3,1,7,4,90,49.56813492557492,3
6.784457062637643,1151.0,4,2,5,7,24,54.0277706369604,4
7.116394144093465,0.0,3,2,6,6,41,49.63869458396343,3
7.001245622069476,866.0,4,2,6,7,49,52.602281319349636,4
6.674561391814426,348.0,2,2,7,4,115,41.42463035441596,2
6.795705775173514,0.0,2,2,7,5,58,42.28474902373195,2
7.321188556739478,1142.0,4,2,7,6,57,60.89334939055332,4
6.643789733147672,0.0,1,1,8,5,53,39.191835884530846,1
6.51025834052315,0.0,2,1,5,4,78,25.92296279363144,1
6.946975992135418,1040.0,4,3,5,5,56,55.85696017507576,4
6.946975992135418,0.0,2,3,5,5,29,45.60701700396552,2
7.046647277848756,467.0,3,1,7,6,99,52.583267300539625,3
6.953684210870537,0.0,2,2,7,4,140,41.08527716834828,2
7.497207223203317,0.0,3,3,4,5,68,54.194095619356915,3
6.723832440821209,0.0,2,1,6,6,71,40.792156108742276,2
6.795705775173514,0.0,2,1,5,5,59,42.28474902373195,2
6.390240667065349,596.0,3,1,5,5,105,42.28474902373195,3
7.52294091807237,0.0,4,4,5,9,21,60.687725282795036,4
6.80128303447162,0.0,2,1,7,5,58,41.98809355043403,2
6.793466132580009,0.0,2,2,5,5,59,41.90465367951393,2
7.138866999945524,1031.0,4,1,6,6,115,59.20304046246274,4
6.980075940561763,1063.0,4,2,5,5,127,54.653453687758834,4
6.8308742346461795,678.0,3,2,5,6,28,50.299105359837164,3
6.787844982309579,1134.0,4,4,5,7,19,53.749418601506754,4
6.843749949006225,0.0,2,2,6,5,50,43.31281565541543,2
6.815639990074331,514.0,3,1,8,7,107,48.35286961494633,3
6.833031732786201,992.0,4,3,5,5,77,53.36665625650534,4
7.001245622069476,0.0,2,1,7,5,70,46.861498055439924,2
6.591673732008658,0.0,1,0,6,3,90,31.606961258558215,1
7.132497551660044,0.0,3,2,6,6,66,50.039984012787215,3
7.3677085723743705,0.0,3,2,5,5,58,56.28498911788115,3
7.317212408359839,0.0,3,4,5,9,17,54.80875842417888,3
7.443663683115591,0.0,3,1,5,9,26,58.36951259004995,3
6.9957661563048505,0.0,2,4,5,5,68,46.73328578219169,2
7.465082736399547,0.0,3,4,5,9,19,59.09314681077663,3
7.173191742486598,983.0,4,4,4,7,72,59.924953066314536,4
6.670766320845874,0.0,2,2,5,5,99,39.45883931389772,2
6.947937068614968,0.0,2,2,6,5,66,45.628938186199335,2
6.900730664045172,915.0,4,3,5,8,23,53.61902647381804,4
6.917705609835305,1257.0,4,2,5,6,23,57.245087125446844,4
6.774223886357614,0.0,2,1,7,5,94,39.87480407475377,2
7.330405211844402,0.0,3,2,6,5,68,52.364109846344185,3
7.356918242356021,0.0,3,2,5,6,48,55.98214000911362,3
7.458186157340487,1088.0,4,3,5,9,17,67.49814812274482,4
6.535241271013659,689.0,3,2,9,7,97,45.46427168667722,3
7.155396301896734,457.0,3,3,4,4,105,49.52776998815917,3
7.059617628291383,896.0,4,2,5,6,37,56.66568626602876,4
7.028201432058004,0.0,2,2,5,5,71,45.43126676640219,2
6.733401891837359,880.0,3,2,5,7,21,50.59644256269407,3
6.956545443151569,0.0,2,2,6,5,69,45.8257569495584,2
7.015712420487229,0.0,2,3,5,6,22,47.20169488482379,2
6.959398512133975,0.0,2,2,7,5,67,45.39823785126467,2
7.373374309910048,0.0,3,1,5,8,24,56.444663166680336,3
7.101675971619444,0.0,3,2,5,5,58,49.27473997901968,3
6.704414354964107,0.0,2,1,9,5,43,40.39801975344831,2
7.336285660021297,0.0,3,1,5,5,46,39.179076048319466,3
7.215239978730097,1360.0,4,4,4,8,107,63.874877690685246,4
6.983789965258135,840.0,4,4,5,8,19,54.75399528801528,4
7.00033446027523,0.0,2,2,5,5,31,46.84015371452148,2
6.890609120147166,767.0,3,3,7,6,85,52.278102490430925,3
6.180016653652572,504.0,2,0,5,6,53,38.34057902536163,2
6.888572459565363,0.0,2,2,5,6,54,44.294469180700204,2
7.438383530044307,0.0,3,2,5,5,66,55.65968020030299,3
6.704414354964107,0.0,2,1,7,5,68,40.39801975344831,2
6.8501261661455,896.0,4,3,5,7,24,52.76362383309168,4
7.1631723908466425,1230.0,4,0,4,6,52,58.84725991921799,4
6.90975328164481,0.0,2,2,6,5,55,44.76605857119878,2
6.734591659972947,0.0,2,2,4,4,75,39.52214569073901,2
6.903747257584598,0.0,2,2,6,6,33,43.95452195167182,2
7.44600149832412,0.0,3,2,5,8,21,58.532042506647585,3
7.252762418053187,0.0,3,3,5,6,37,52.952809179494906,3
7.119635638017636,0.0,3,1,7,6,68,46.34652090502587,3
6.946975992135418,0.0,2,4,5,4,62,45.86937976471886,2
7.38770923908104,0.0,3,1,5,8,30,56.66568626602876,3
7.254177846456518,0.0,3,2,8,6,67,50.97057974949863,3
6.882437470997847,975.0,4,1,5,7,28,54.08326913195984,4
6.990256500493881,0.0,2,2,7,5,71,46.604720790924176,2
6.977281341630747,504.0,3,4,6,5,102,53.85164807134504,3
6.643789733147672,0.0,1,1,7,5,55,39.191835884530846,1
7.230563153409292,0.0,3,2,7,6,53,50.41825066382212,3
7.157735484249907,885.0,4,2,5,8,23,58.762232769015846,4
6.579251212010101,0.0,1,1,6,3,76,26.832815729997478,1
7.3677085723743705,1208.0,4,2,7,6,105,65.58963332722634,4
6.841615476477592,0.0,2,1,4,4,72,43.266615305567875,2
7.074116816197362,0.0,2,2,5,4,53,48.155996511338024,2
7.4318919168078,0.0,3,2,6,7,18,58.12056434688156,3
6.854354502255021,0.0,2,2,6,4,71,43.54308211415448,2
6.6280413761795325,756.0,3,0,5,6,25,47.62352359916263,3
6.795705775173514,0.0,2,2,5,5,57,42.28474902373195,2
6.837332814685591,920.0,4,2,5,7,16,52.459508194416,4
6.739336627357174,0.0,2,3,3,4,68,29.068883707497267,2
6.651571873589727,0.0,1,0,6,3,94,36.30426972134269,1
7.627057417018933,1185.0,4,4,5,8,30,72.60165287374662,4
7.116394144093465,0.0,3,1,5,7,18,49.63869458396343,3
7.059617628291383,0.0,2,2,5,7,56,48.249352327259274,2
6.815639990074331,336.0,3,2,5,5,95,46.475800154489,3
7.430707082545968,0.0,3,4,5,5,77,49.33558553417604,3
6.756932389247553,1100.0,4,1,5,6,23,53.103672189407014,4
6.302618975744905,0.0,2,0,4,4,55,33.04542328371661,1
6.795705775173514,0.0,2,2,5,4,71,42.28474902373195,2
7.2991214627108,0.0,3,2,5,7,22,54.147945482723536,3
6.966024187106113,0.0,2,2,8,5,57,46.04345773288535,2
7.269616749608169,0.0,3,2,5,7,21,53.59104402789705,3
6.950814768442584,0.0,2,2,5,5,73,39.7994974842648,2
6.779921907472252,888.0,3,2,7,7,111,51.45872132107443,3
6.704414354964107,0.0,2,1,8,6,95,40.39801975344831,2
6.651571873589727,656.0,3,1,5,7,25,42.59107887809371,3
7.532088143541722,0.0,4,2,5,5,70,59.02541825349483,4
7.313220387090301,0.0,3,0,5,7,19,53.44155686354955,3
7.003065458786462,0.0,2,3,5,4,65,46.9041575982343,2
6.704414354964107,0.0,2,2,7,5,43,40.39801975344831,2
7.191429330036379,0.0,3,4,6,5,66,51.749396131742444,3
7.454719949364001,568.0,4,3,5,10,17,63.387695966961914,4
6.761572768804055,0.0,2,2,7,5,70,41.569219381653056,2
7.143617602704121,0.0,3,1,5,7,20,50.22947341949744,3
6.754604099487962,0.0,2,2,4,4,54,41.42463035441596,2
6.723832440821209,878.0,3,2,5,6,32,50.41825066382212,3
6.648984550024776,351.0,2,1,5,4,86,43.069710934716056,2
6.859614903654202,694.0,3,1,5,6,26,50.99019513592785,3
6.773080375655535,0.0,2,2,6,5,57,41.689327171351664,2
7.488852955733459,0.0,3,3,5,8,24,59.50630218724736,3
7.516977224604321,0.0,4,4,7,6,68,57.584720195551874,4
6.992096427415888,780.0,4,2,7,5,49,51.45872132107443,4
7.445417556701687,0.0,3,2,5,5,66,57.77542730261716,3
6.329720905522696,668.0,3,0,6,6,45,42.30839160261236,3
7.3777589082278725,0.0,3,3,5,8,18,56.2672195865408,3
6.82001636467413,684.0,3,2,5,6,28,50.15974481593781,3
6.79794041297493,448.0,3,1,4,5,89,47.32863826479693,3
7.026426808699635,0.0,2,4,6,5,48,47.45524207081869,2
6.827629234502852,0.0,2,1,5,5,41,42.41462012089699,2
6.423246963533519,0.0,1,1,7,5,104,35.09985754956849,1
7.495541943884255,0.0,3,2,4,5,64,60.0,3
7.316548177182976,0.0,3,3,4,6,72,54.86346689738081,3
7.4067107301776405,0.0,3,3,6,5,48,55.47071299343465,3
7.031741258763128,0.0,2,1,5,4,20,47.58150901348127,2
6.833031732786201,836.0,3,4,5,6,28,51.884487084291386,3
6.992096427415888,441.0,3,2,3,4,80,39.102429592034305,3
7.437795121671932,748.0,4,2,7,6,106,57.01754116059373,4
7.3158835045097845,0.0,3,0,5,7,20,53.38539126015655,3
7.0587581525186645,0.0,2,1,8,3,70,48.218253804964775,2
6.6450909695056435,756.0,3,0,5,6,25,47.75981574503821,3
6.8405465292886865,0.0,2,3,6,5,60,43.243496620879306,2
6.70073110954781,0.0,2,1,8,6,95,40.32369030731191,2
7.013915474810528,896.0,4,1,8,5,77,53.88877434122992,4
7.3343293503005365,797.0,4,3,5,7,35,61.6765757804371,4
6.813444599510896,648.0,3,3,5,5,75,49.678969393496885,3
6.723832440821209,832.0,3,2,5,7,49,49.95998398718719,3
7.654443226470112,0.0,4,2,5,7,57,64.96152707564686,4
6.807934943699926,881.0,3,2,5,6,28,51.088159097779204,3
6.829793737512425,550.0,3,0,6,5,48,47.24404724407086,3
6.698268054115412,576.0,3,1,4,5,71,46.88283267892417,3
6.883462586413092,732.0,3,0,5,7,21,51.807335387954474,3
6.989335265974559,649.0,3,2,7,6,63,51.43928459844674,3
7.476472381163905,648.0,4,2,4,5,125,58.034472514187634,4
6.838405200847344,975.0,4,2,5,7,31,53.131911315140925,4
7.1569563646156364,0.0,3,1,7,5,63,47.05316142407437,3
7.10002716662926,0.0,3,2,5,7,24,49.23413450036468,3
6.858565034791365,596.0,3,1,7,7,100,50.0,3
6.887552571664617,0.0,2,2,5,5,58,44.27188724235731,2
7.501634457883413,0.0,4,3,7,6,69,53.70288632839021,4
6.962243464266207,0.0,2,2,4,4,59,45.95650117230423,2
7.118016204465333,0.0,3,2,5,8,18,49.678969393496885,3
6.4457198193855785,672.0,3,0,5,5,55,43.95452195167182,3
6.942156705699469,371.0,3,1,7,6,105,41.53311931459037,3
6.754604099487962,0.0,2,1,5,5,43,41.42463035441596,2
7.074963197966043,1142.0,4,3,5,9,20,59.15234568468101,4
6.813444599510896,0.0,2,2,7,5,72,31.85906464414798,2
6.682108597449808,813.0,3,2,6,6,61,48.8978527135906,3
6.52795791762255,876.0,3,3,5,6,20,47.37087712930804,3
7.61085279039525,0.0,4,2,5,5,48,44.94441010848846,4
7.198931240688173,0.0,3,1,5,8,24,51.73006862551025,3
7.08002649992259,0.0,3,4,7,5,63,48.744230427815765,3
7.285506548522785,0.0,3,2,5,7,23,54.01851534427802,3
7.174724309836376,954.0,4,3,5,7,29,59.715994507334464,4
7.265429723253953,0.0,3,4,5,7,24,53.319789947073126,3
6.903747257584598,0.0,2,3,6,5,85,44.63182720884279,2
6.9957661563048505,0.0,2,2,7,6,61,46.73328578219169,2
6.437751649736401,625.0,3,0,5,7,19,43.30127018922193,3
6.761572768804055,864.0,3,2,5,7,21,50.91168824543142,3
6.828712071641684,0.0,2,1,6,5,50,42.988370520409354,2
7.089243155027514,0.0,3,1,5,6,32,48.96937818678118,3
6.854354502255021,0.0,2,2,5,5,57,43.54308211415448,2
6.829793737512425,0.0,2,2,6,5,60,43.01162633521314,2
6.727431724850855,0.0,2,2,5,5,105,35.958309192730404,2
7.365180126021012,886.0,4,2,5,8,21,63.608175575157006,4
7.103322062526112,941.0,4,3,6,7,59,55.50675634551167,4
6.966024187106113,0.0,2,0,7,5,49,45.8257569495584,2
7.875879159496309,0.0,4,3,5,10,24,72.56721022610694,4
6.954638864880987,0.0,2,1,6,5,103,45.17742799230607,2
6.859614903654202,711.0,3,2,5,6,25,51.15662224971465,3
6.664409020350408,0.0,2,2,3,6,97,39.59797974644666,2
7.153833801578842,0.0,3,2,6,6,48,49.749371855331,3
7.113956109566034,0.0,3,4,6,4,69,48.61069841094653,3
7.145196134997171,0.0,3,1,6,5,71,50.35871324805669,3
7.2640301428995295,0.0,3,3,5,7,18,53.44155686354955,3
7.025538314638521,0.0,2,1,6,6,49,46.54030511288038,2
6.915723448631313,0.0,2,3,6,5,71,44.8998886412873,2
7.396335293800807,0.0,3,2,5,8,17,57.02630971753301,3
6.761572768804055,864.0,3,2,5,6,22,50.91168824543142,3
7.099201743553092,0.0,3,2,5,5,57,46.50806381693394,3
6.946975992135418,0.0,2,1,5,5,66,45.60701700396552,2
7.44249272279444,0.0,3,4,6,8,44,58.249463516842795,3
6.86171134048073,0.0,3,2,5,7,27,43.474130238568314,2
7.238496840894364,0.0,3,3,6,5,68,52.76362383309168,3
7.1846291527173145,0.0,3,2,6,5,72,43.89760813529594,3
6.60934924316738,742.0,3,3,5,6,20,47.18050444834179,3
6.878326468291324,0.0,2,2,6,5,56,44.06812907306141,2
6.967909201801884,0.0,2,3,5,6,49,45.727453460694704,2
6.887552571664617,0.0,2,2,5,6,50,43.87482193696061,2
7.247792581767846,0.0,3,0,5,7,22,53.009433122794285,3
6.865891074883438,712.0,3,2,5,6,25,51.28352561983234,3
6.979145275068809,0.0,2,2,6,5,50,46.151923036857305,2
7.344072850573066,720.0,4,4,6,5,77,47.61302342846965,4
6.82219739062049,0.0,2,1,5,6,46,42.8485705712571,2
7.270312886079025,0.0,3,2,8,5,49,53.60970061472084,3
6.974478911025045,0.0,2,0,5,6,48,46.238512086787566,2
6.720220155135295,727.0,3,3,6,6,57,47.78074926160116,3
6.714170529909471,1070.0,4,3,5,7,23,52.06726418777925,4
7.587310506022615,0.0,4,3,5,8,19,62.51399843235114,4
7.548555979169873,1080.0,4,3,7,7,58,60.728905802755904,4
6.742880635791903,0.0,2,0,5,6,21,41.182520563948,2
6.6895992691789665,670.0,3,2,5,7,30,43.104524124504614,3
6.962243464266207,0.0,2,2,7,5,71,45.95650117230423,2
6.804614520062623,0.0,2,2,5,5,42,42.02380277890139,2
6.939253946041508,0.0,2,2,6,6,47,45.43126676640219,2
6.981934677156389,0.0,2,2,2,5,105,45.14421336118285,2
7.118826249062077,0.0,3,2,3,5,64,49.69909455915671,3
7.273786317844894,0.0,3,2,5,7,35,48.49742261192856,3
6.180016653652572,504.0,2,0,5,6,54,38.34057902536163,2
6.911747300251674,0.0,2,2,5,6,48,44.48595283907045,2
6.913737350659685,0.0,2,2,3,5,66,44.85532298401161,2
6.841615476477592,780.0,3,1,6,5,113,49.95998398718719,3
6.756932389247553,0.0,3,3,5,7,21,41.47288270665544,2
6.866933284461882,0.0,2,1,4,4,105,43.81780460041329,2
7.380255788426459,0.0,3,2,5,7,19,56.639209034025185,3
7.7039102096163115,0.0,4,4,6,8,55,66.58828725834597,4
7.5196924041165385,0.0,4,4,5,6,56,60.728905802755904,4
6.683360945766275,772.0,3,1,7,6,32,48.68264577855234,3
7.2991214627108,0.0,3,2,5,7,26,54.286278192559855,3
7.3895639536776345,167.0,3,4,6,5,60,57.3149195236284,3
7.397561535524052,0.0,3,2,6,6,67,53.59104402789705,3
6.763884908562435,902.0,3,2,5,8,18,51.32250968142536,3
6.99942246750796,0.0,2,4,5,5,56,46.8187996428785,2
7.119635638017636,857.0,4,4,6,7,39,53.70288632839021,4
6.492239835020471,688.0,3,1,5,6,59,44.81071300481616,3
6.590301048196686,728.0,3,2,5,7,20,46.73328578219169,3
7.3777589082278725,0.0,3,4,6,5,68,55.53377350765928,3
7.438383530044307,0.0,3,2,5,6,22,58.154965394194846,3
6.694562058521095,785.0,3,2,5,6,33,49.0,3
7.217443431696532,0.0,3,4,7,5,74,48.692915295759406,3
6.75110146893676,586.0,3,0,6,6,47,47.916594202843754,3
7.444248649496705,0.0,3,3,5,8,18,58.48076606885378,3
7.10824413973154,888.0,4,2,5,7,31,55.299186250793966,4
6.586171654854675,754.0,3,3,8,6,49,46.94677837722201,3
6.642486801367256,0.0,1,0,5,7,27,38.600518131237564,1
6.498282149476434,0.0,3,4,5,7,19,36.30426972134269,1
7.356918242356021,0.0,3,0,5,8,19,55.560777532356404,3
7.045776576879511,0.0,2,1,7,5,73,46.130250378683186,2
7.02108396428914,850.0,4,2,5,8,19,55.27205442174191,4
7.2813856635702825,1357.0,4,2,5,8,35,65.2916533716217,4
7.293017679772782,0.0,4,2,5,8,27,54.22176684690383,3
7.007600613951853,1169.0,4,3,5,5,65,58.12916651733448,4
7.139660335964919,0.0,3,2,6,6,67,50.21951811795888,3
7.303843225277705,0.0,3,2,7,5,61,54.516052681756044,3
6.6502790485874215,0.0,1,1,5,5,72,39.319206502675,1
7.337587743538595,0.0,3,2,9,6,63,53.44155686354955,3
6.763884908562435,913.0,3,2,5,7,27,51.42956348249516,3
7.110696122978827,0.0,3,2,5,4,66,46.636895265444075,3
6.742880635791903,0.0,2,0,5,6,22,41.182520563948,2
6.659293919683638,596.0,3,2,6,6,88,46.4327470649756,3
6.60934924316738,729.0,3,0,5,6,26,46.9041575982343,3
6.767343125265392,0.0,2,1,7,4,102,36.180105030251084,2
6.591673732008658,729.0,3,0,5,6,26,46.76537180435969,3
6.795705775173514,0.0,2,3,5,5,51,41.92851058647326,2
6.785587645007929,833.0,3,2,5,7,27,50.49752469181039,3
7.438971592395862,0.0,3,4,5,5,50,55.59676249567055,3
6.761572768804055,0.0,2,3,5,4,53,41.569219381653056,2
6.9975959829819265,761.0,4,2,7,6,49,48.815980989835694,4
7.4091364439201275,0.0,3,3,5,6,39,57.0701322935211,3
6.416732282512326,612.0,3,0,5,6,16,42.8485705712571,3
6.833031732786201,0.0,2,1,6,5,68,43.08131845707603,2
5.918893854273146,720.0,2,1,5,4,95,33.04542328371661,2
6.723832440821209,809.0,3,2,7,7,100,48.67237409455183,3
6.56244409369372,708.0,3,3,6,6,57,46.08687448721165,3
6.964135612418245,846.0,4,2,5,8,20,54.42425929675111,4
6.841615476477592,0.0,2,1,7,5,69,43.266615305567875,2
6.573680166960646,840.0,3,0,6,6,45,47.66550115125194,3
6.761572768804055,0.0,2,4,5,4,74,41.569219381653056,2
7.4109518755836366,0.0,3,2,5,7,23,57.51521537819362,3
7.255591274253665,0.0,3,4,7,5,107,47.24404724407086,3
7.145196134997171,1097.0,4,2,5,8,26,60.14149981501958,4
6.9726062513017535,0.0,2,2,7,4,75,46.195237849804386,2
7.183870715062453,584.0,4,2,5,6,47,43.61192497471305,4
7.350516171833998,0.0,3,0,5,7,22,54.13871073455665,3
7.085901464365611,644.0,4,4,5,7,27,55.08175741568164,4
