1stFlrSF,2ndFlrSF,BedroomAbvGr,BsmtExposure,BsmtFinSF1,BsmtFinType1,BsmtUnfSF,GarageArea,GarageFinish,GrLivArea,KitchenQual,LotArea,LotFrontage,MasVnrArea,OpenPorchSF,OverallCond,OverallQual,TotalBsmtSF,SalePrice,HouseAge,RemodAge,GarageAge,TotalSF,AboveGradeSF,IsRemodeled,Has2ndFlr,HasPorch,HasDeck
2515,0.0,4.0,No,1219,Rec,816,484,Missing,2515,TA,32668,69.0,0.0,0,3,6,2035,200624,68,50,50.0,4550.0,2515.0,1,0,0,0
958,620.0,3.0,No,403,BLQ,238,240,Unf,1578,Fa,9490,79.0,0.0,0,7,6,806,133000,84,75,84.0,2384.0,1578.0,1,1,0,0
979,224.0,3.0,No,185,LwQ,524,352,Unf,1203,Gd,7015,69.0,161.0,0,4,5,709,110000,75,75,75.0,1912.0,1203.0,0,1,0,0
1156,866.0,4.0,No,392,BLQ,768,505,Fin,2022,TA,10005,83.0,299.0,117,5,7,1160,192000,48,48,48.0,3182.0,2022.0,0,1,0,1
525,0.0,3.0,No,0,Unf,525,264,Unf,1092,TA,1680,21.0,381.0,0,5,6,525,88000,54,54,54.0,1050.0,525.0,0,0,0,0
1022,0.0,2.0,No,247,Missing,310,280,Unf,1022,TA,7200,60.0,0.0,30,4,5,1022,85000,115,19,69.0,2044.0,1022.0,1,0,1,0
1464,0.0,3.0,Gd,929,GLQ,556,754,Unf,1464,Gd,15256,49.0,84.0,160,5,8,1485,282922,18,18,18.0,2949.0,1464.0,0,0,0,0
780,595.0,3.0,No,0,Missing,780,544,Unf,1375,Gd,9000,50.0,0.0,162,6,6,780,141000,88,75,46.0,2155.0,1375.0,1,1,0,0
2411,2065.0,4.0,Av,2096,GLQ,300,813,Fin,4476,Ex,15623,160.0,0.0,78,5,10,2396,745000,29,29,29.0,6872.0,4476.0,0,1,0,0
551,551.0,2.0,No,239,GLQ,312,480,Unf,1102,Gd,5105,69.0,0.0,60,5,7,551,148800,21,21,21.0,1653.0,1102.0,0,1,0,0
1352,0.0,2.0,No,0,Unf,1352,466,Missing,1352,Gd,4230,47.0,0.0,241,5,7,1352,208900,19,18,19.0,2704.0,1352.0,1,0,0,0
1680,0.0,4.0,No,0,Unf,1680,528,Unf,1680,TA,11500,69.0,164.0,0,6,5,1680,136905,49,49,49.0,3360.0,1680.0,0,0,0,0
1005,978.0,3.0,No,694,GLQ,284,490,Fin,1983,Gd,10762,69.0,344.0,0,5,7,978,225000,26,26,26.0,2961.0,1983.0,0,1,0,0
900,0.0,3.0,Av,769,ALQ,95,288,RFn,900,TA,7838,68.0,0.0,144,5,5,864,123000,58,58,58.0,1764.0,900.0,0,0,0,0
1082,0.0,2.0,No,336,BLQ,746,240,Unf,1082,TA,11664,60.0,206.0,130,5,6,1082,119200,77,75,77.0,2164.0,1082.0,1,0,0,0
1314,0.0,3.0,No,922,Rec,392,294,RFn,1314,TA,8400,70.0,0.0,0,6,5,1314,145000,68,68,68.0,2628.0,1314.0,0,0,0,0
1061,862.0,3.0,No,674,GLQ,76,564,RFn,1923,Gd,10186,107.0,0.0,39,5,7,750,190000,33,33,33.0,2673.0,1923.0,0,1,0,0
990,0.0,3.0,No,588,Missing,402,0,Missing,990,TA,8070,60.0,0.0,0,5,4,990,123600,31,30,0.0,1980.0,990.0,1,0,0,0
1228,0.0,3.0,No,0,Unf,1228,271,Unf,1228,Gd,8544,69.0,0.0,65,6,5,1228,149350,59,19,59.0,2456.0,1228.0,1,0,0,0
916,0.0,4.0,No,299,ALQ,611,164,Unf,1826,Ex,2500,50.0,0.0,0,8,7,910,155000,110,20,110.0,1826.0,916.0,1,0,0,0
910,0.0,4.0,No,507,Rec,403,720,Unf,1385,TA,8520,71.0,0.0,0,4,5,910,166000,73,73,25.0,1820.0,910.0,0,0,0,0
848,0.0,1.0,Gd,662,GLQ,186,420,Fin,848,Gd,4438,69.0,169.0,0,5,6,848,144500,21,21,21.0,1696.0,848.0,0,0,0,0
816,0.0,2.0,Gd,104,LwQ,0,516,Unf,816,TA,8472,110.0,0.0,0,5,5,816,110000,62,62,62.0,1632.0,816.0,0,0,0,0
702,779.0,3.0,No,0,Unf,702,343,Fin,1481,TA,8125,65.0,0.0,36,5,6,702,174000,31,30,31.0,2183.0,1481.0,1,1,0,0
943,933.0,4.0,No,442,ALQ,459,540,RFn,1876,Gd,9120,76.0,270.0,69,6,6,901,185000,51,51,51.0,2777.0,1876.0,0,1,0,0
916,826.0,4.0,No,216,BLQ,700,424,Unf,1742,Gd,17671,121.0,0.0,169,9,8,916,168000,143,39,100.0,2658.0,1742.0,1,1,0,0
769,804.0,3.0,No,378,GLQ,378,440,Unf,1573,Gd,2117,69.0,216.0,32,5,6,756,177500,25,25,25.0,2329.0,1573.0,0,1,0,0
630,0.0,1.0,Av,131,BLQ,0,0,Missing,630,TA,1936,21.0,0.0,0,6,4,630,84500,55,55,0.0,1260.0,630.0,0,0,0,0
1698,0.0,3.0,No,1234,GLQ,464,768,Missing,1698,Ex,13286,86.0,340.0,64,5,9,1698,320000,18,17,18.0,3396.0,1698.0,1,0,0,0
832,384.0,2.0,No,442,Rec,390,336,Unf,1216,TA,8480,80.0,0.0,0,5,5,832,118500,78,75,78.0,2048.0,1216.0,1,1,0,0
1776,0.0,4.0,No,0,Unf,1584,888,Unf,1776,TA,11475,85.0,95.0,25,5,5,1584,110000,67,67,57.0,3360.0,1776.0,0,0,0,0
1006,769.0,3.0,No,513,ALQ,227,425,Missing,1775,Gd,9317,75.0,137.0,72,5,7,740,213000,32,32,32.0,2515.0,1775.0,0,1,0,0
912,0.0,2.0,Av,773,GLQ,115,470,RFn,912,TA,7540,69.0,0.0,0,6,6,888,156000,47,47,47.0,1800.0,912.0,0,0,0,0
1145,0.0,4.0,Av,655,GLQ,490,836,RFn,2198,Gd,14260,84.0,350.0,84,5,8,1145,250000,25,25,25.0,2290.0,1145.0,0,0,0,0
2046,0.0,3.0,Mn,0,Unf,2046,834,Fin,2046,Gd,11844,80.0,464.0,82,5,8,2046,372500,17,17,17.0,4092.0,2046.0,0,0,0,0
729,717.0,3.0,Gd,604,GLQ,125,406,Unf,1446,TA,21872,57.0,0.0,22,5,7,729,175000,29,28,29.0,2175.0,1446.0,1,1,0,0
1561,0.0,2.0,No,1153,GLQ,408,556,Fin,1561,Ex,7313,60.0,246.0,47,5,9,1561,277500,20,20,20.0,3122.0,1561.0,0,0,0,1
882,0.0,3.0,No,138,LwQ,276,461,Unf,882,TA,7700,70.0,0.0,0,5,5,882,112500,53,53,45.0,1764.0,882.0,0,0,0,0
912,1182.0,4.0,No,0,Unf,912,615,Fin,2094,Gd,9375,75.0,0.0,182,5,7,912,263000,22,21,22.0,3006.0,2094.0,1,1,0,0
1500,0.0,3.0,Av,1032,GLQ,431,712,RFn,2622,Gd,12256,98.0,362.0,32,5,8,1463,325000,31,30,31.0,2963.0,1500.0,1,0,0,0
2158,0.0,4.0,Av,477,ALQ,725,576,Unf,2158,Gd,12615,84.0,0.0,29,7,6,1202,243000,75,24,75.0,3360.0,2158.0,1,0,0,0
1360,0.0,3.0,No,384,ALQ,0,572,Unf,1360,TA,7134,60.0,0.0,50,5,5,384,130000,70,70,63.0,1744.0,1360.0,0,0,0,0
1310,0.0,3.0,Av,24,GLQ,1286,400,Fin,1310,Gd,8767,65.0,0.0,0,5,7,1310,164990,20,20,20.0,2620.0,1310.0,0,0,0,0
1836,0.0,3.0,Mn,1039,GLQ,797,862,Fin,1836,Gd,11362,107.0,42.0,185,5,8,1836,280000,21,20,21.0,3672.0,1836.0,1,0,0,0
1490,1304.0,4.0,No,689,Missing,773,810,Fin,2794,Ex,15138,174.0,506.0,146,5,8,1462,403000,30,29,30.0,4256.0,2794.0,1,1,0,0
1728,0.0,6.0,No,40,GLQ,1424,352,Unf,1728,TA,10624,69.0,84.0,0,4,5,1728,119000,61,61,23.0,3456.0,1728.0,0,0,0,0
825,0.0,2.0,No,180,LwQ,0,720,RFn,825,TA,8235,49.0,0.0,50,7,5,825,125000,70,30,62.0,1650.0,825.0,1,0,0,0
894,0.0,3.0,Av,182,LwQ,0,308,Unf,894,TA,10650,75.0,0.0,0,6,5,894,128200,49,49,49.0,1788.0,894.0,0,0,0,0
918,765.0,3.0,No,226,LwQ,192,440,RFn,1683,TA,11184,70.0,92.0,0,5,6,918,172500,47,47,47.0,2601.0,1683.0,0,1,0,0
930,0.0,2.0,Missing,0,Missing,0,308,Unf,930,Gd,11100,60.0,0.0,0,7,4,0,84900,79,19,79.0,930.0,930.0,1,0,0,0
1572,1096.0,3.0,Av,1016,GLQ,556,726,Fin,2668,Ex,13688,110.0,664.0,0,5,9,1572,412500,22,21,22.0,4240.0,2668.0,1,1,0,0
1073,0.0,3.0,No,836,ALQ,237,515,RFn,1073,TA,10289,79.0,168.0,0,7,5,1073,156000,60,60,60.0,2146.0,1073.0,0,0,0,0
1334,0.0,2.0,No,686,ALQ,664,630,RFn,1334,TA,9650,80.0,360.0,16,5,6,1350,167900,48,48,48.0,2684.0,1334.0,0,0,0,0
788,0.0,2.0,No,266,Rec,522,0,Missing,788,TA,7446,69.0,0.0,0,5,4,788,100000,84,75,0.0,1576.0,788.0,1,0,0,0
1644,0.0,2.0,Gd,1518,GLQ,0,569,Fin,1644,Gd,12800,69.0,145.0,0,5,7,1518,275000,36,36,36.0,3162.0,1644.0,0,0,0,0
872,0.0,3.0,No,0,Unf,858,480,Unf,872,TA,8294,70.0,0.0,0,5,4,858,123000,54,54,51.0,1730.0,872.0,0,0,0,0
768,664.0,2.0,No,0,Unf,264,360,Unf,1432,TA,9600,60.0,0.0,0,7,5,264,132000,115,23,115.0,1696.0,1432.0,1,1,0,0
901,900.0,3.0,No,0,Unf,893,800,Missing,1801,Gd,10463,72.0,0.0,116,5,8,893,239900,20,20,20.0,2694.0,1801.0,0,1,0,0
1121,0.0,3.0,No,651,Rec,470,480,Unf,1121,TA,8816,80.0,0.0,80,6,5,1121,139000,62,62,62.0,2242.0,1121.0,0,0,0,0
789,0.0,2.0,No,104,ALQ,516,250,Unf,789,TA,6000,50.0,0.0,0,5,5,789,115000,77,75,77.0,1578.0,789.0,1,0,0,0
1054,0.0,3.0,Gd,763,GLQ,173,480,RFn,1054,Gd,8800,80.0,156.0,0,7,6,936,137500,62,62,62.0,1990.0,1054.0,0,0,0,0
1048,0.0,3.0,No,586,BLQ,462,286,Unf,1048,TA,10152,72.0,120.0,20,5,5,1048,135000,69,69,69.0,2096.0,1048.0,0,0,0,0
1236,0.0,2.0,No,360,BLQ,710,447,Unf,1236,Gd,10011,72.0,64.0,0,6,5,1070,134450,68,29,68.0,2306.0,1236.0,1,0,0,0
1152,0.0,3.0,Av,1014,GLQ,138,484,RFn,1152,TA,14112,69.0,86.0,0,7,5,1152,180500,61,61,61.0,2304.0,1152.0,0,0,0,0
1679,0.0,3.0,No,1138,GLQ,270,575,RFn,1679,Gd,8125,65.0,258.0,42,5,6,1408,193500,31,27,31.0,3087.0,1679.0,1,0,0,0
1478,0.0,3.0,No,189,ALQ,628,442,RFn,1478,TA,8400,70.0,0.0,0,3,6,1478,156500,68,68,68.0,2956.0,1478.0,0,0,0,0
928,0.0,2.0,No,377,Rec,551,252,Unf,928,TA,13300,70.0,0.0,0,7,5,928,132000,69,25,69.0,1856.0,928.0,1,0,0,0
846,846.0,3.0,Av,0,Unf,846,650,RFn,1692,Gd,13159,83.0,0.0,114,5,7,846,224500,16,16,16.0,2538.0,1692.0,0,1,0,0
661,589.0,3.0,No,0,Unf,661,552,Unf,1250,TA,5362,53.0,0.0,0,6,5,661,139000,115,22,40.0,1911.0,1250.0,1,1,0,0
847,886.0,3.0,Gd,0,Unf,847,433,Fin,1733,Gd,12394,69.0,0.0,48,5,7,847,225000,22,22,22.0,2580.0,1733.0,0,1,0,0
716,716.0,3.0,No,425,Missing,291,432,Fin,1432,Gd,7795,71.0,0.0,51,5,7,716,188500,21,20,21.0,2148.0,1432.0,1,1,0,0
1077,0.0,2.0,No,851,GLQ,140,205,RFn,1077,TA,7420,50.0,0.0,4,6,5,991,118000,86,75,86.0,2068.0,1077.0,1,0,0,0
944,0.0,2.0,Missing,0,Missing,0,528,Unf,944,Fa,10206,74.0,0.0,0,3,3,0,82000,73,73,69.0,944.0,944.0,0,0,0,0
1419,0.0,2.0,Av,945,Missing,474,567,RFn,1419,Gd,8089,60.0,0.0,0,6,8,1419,392000,18,18,18.0,2838.0,1419.0,0,0,0,0
960,0.0,3.0,No,0,Unf,672,288,Unf,960,TA,8926,69.0,0.0,0,3,4,672,112000,69,69,69.0,1632.0,960.0,0,0,0,0
1646,0.0,3.0,Av,0,Missing,1638,870,RFn,1646,Gd,10656,67.0,274.0,80,5,8,1638,248900,19,18,18.0,3284.0,1646.0,1,0,0,0
999,0.0,3.0,Av,784,BLQ,141,300,Unf,999,TA,10205,69.0,0.0,72,5,5,925,134500,63,63,63.0,1924.0,999.0,0,0,0,0
779,0.0,2.0,No,0,Unf,742,308,Unf,935,TA,9100,50.0,0.0,0,6,5,742,79500,95,65,37.0,1521.0,779.0,1,0,0,0
1392,1070.0,4.0,Mn,57,GLQ,1335,576,RFn,2462,Gd,19378,134.0,456.0,132,5,7,1392,320000,20,19,19.0,3854.0,2462.0,1,1,0,0
1302,0.0,3.0,Gd,270,LwQ,452,309,RFn,1302,Gd,9350,85.0,108.0,0,7,6,1302,158000,61,34,61.0,2604.0,1302.0,1,0,0,0
936,0.0,2.0,Gd,936,GLQ,0,672,Unf,936,TA,7200,60.0,180.0,0,5,5,936,140000,45,45,45.0,1872.0,936.0,0,0,0,0
864,0.0,3.0,No,646,ALQ,218,336,Unf,864,TA,7000,69.0,90.0,0,8,5,864,136500,47,20,47.0,1728.0,864.0,1,0,0,0
820,527.0,3.0,Gd,969,GLQ,148,0,Missing,1347,TA,7000,70.0,0.0,0,7,5,1117,107500,115,34,0.0,2464.0,1347.0,1,1,0,0
990,0.0,3.0,No,686,GLQ,304,672,Unf,990,TA,9245,57.0,0.0,0,5,5,990,145000,31,30,29.0,1980.0,990.0,1,0,0,0
1636,971.0,3.0,No,152,Rec,977,0,Missing,3086,Ex,18030,138.0,0.0,0,6,5,1598,200500,79,31,0.0,4205.0,2607.0,1,1,0,0
1337,0.0,3.0,Mn,699,GLQ,638,531,RFn,1337,Gd,8450,65.0,0.0,39,5,7,1337,185000,22,22,22.0,2674.0,1337.0,0,0,0,0
694,0.0,3.0,No,0,Unf,672,936,Unf,1214,TA,10410,60.0,0.0,0,4,3,672,105000,110,75,27.0,1366.0,694.0,1,0,0,0
1368,0.0,2.0,No,0,Unf,1368,474,Missing,1368,Gd,6792,40.0,94.0,35,5,7,1368,202665,20,19,20.0,2736.0,1368.0,1,0,0,0
1212,0.0,3.0,Mn,36,GLQ,1176,460,RFn,1212,Gd,10420,83.0,0.0,22,5,6,1212,186000,16,16,16.0,2424.0,1212.0,0,0,0,0
1080,0.0,3.0,No,570,BLQ,510,288,Unf,1080,TA,9464,75.0,135.0,0,7,6,1080,136000,67,67,67.0,2160.0,1080.0,0,0,0,0
804,878.0,3.0,No,505,GLQ,299,523,RFn,1682,Gd,8750,70.0,116.0,77,5,6,804,200500,27,27,27.0,2486.0,1682.0,0,1,0,0
790,784.0,3.0,Mn,712,GLQ,84,566,Fin,1574,TA,18800,69.0,120.0,111,5,6,796,190000,49,49,49.0,2370.0,1574.0,0,1,0,0
691,807.0,3.0,No,592,ALQ,99,409,Fin,1498,TA,13031,69.0,0.0,44,5,6,691,187500,30,29,30.0,2189.0,1498.0,1,1,0,0
920,941.0,3.0,No,700,GLQ,216,492,RFn,1861,Gd,13450,95.0,0.0,91,5,7,916,200000,23,23,23.0,2777.0,1861.0,0,1,0,0
1258,0.0,2.0,Av,0,Unf,1258,648,Fin,1258,Gd,3922,53.0,72.0,16,5,7,1258,172500,19,18,18.0,2516.0,1258.0,1,0,0,0
1253,0.0,3.0,No,733,BLQ,520,352,RFn,1253,TA,10920,69.0,212.0,213,5,6,1253,157000,65,65,65.0,2506.0,1253.0,0,0,0,0
1484,0.0,3.0,Av,712,GLQ,761,606,RFn,1484,Gd,8400,70.0,109.0,35,5,7,1473,213000,21,20,21.0,2957.0,1484.0,1,0,0,0
1163,511.0,4.0,Mn,0,Unf,1163,396,Fin,1674,TA,21780,66.0,0.0,36,7,6,1163,185000,107,75,70.0,2837.0,1674.0,1,1,0,0
864,0.0,3.0,No,191,ALQ,673,463,Unf,864,TA,8120,70.0,0.0,0,7,4,864,124500,55,55,31.0,1728.0,864.0,0,0,0,0
1128,445.0,3.0,No,0,Unf,1078,360,Unf,1573,TA,6240,52.0,0.0,0,7,5,1078,162900,95,33,95.0,2651.0,1573.0,1,1,0,0
1734,0.0,3.0,Av,1300,GLQ,434,660,Missing,1734,Gd,11645,78.0,0.0,24,5,7,1734,260000,20,20,20.0,3468.0,1734.0,0,0,0,0
495,1427.0,4.0,Missing,0,Missing,0,672,RFn,1922,Gd,7301,64.0,500.0,0,5,7,0,198500,22,22,22.0,1922.0,1922.0,0,1,0,0
1340,0.0,3.0,Missing,0,Missing,0,252,Missing,1340,TA,9060,60.0,98.0,0,6,5,0,120000,68,19,68.0,1340.0,1340.0,1,0,0,0
698,728.0,3.0,No,535,BLQ,155,440,Fin,1426,TA,7950,75.0,140.0,0,6,6,690,159500,48,48,48.0,2116.0,1426.0,0,1,0,1
720,0.0,2.0,No,0,Unf,624,484,Unf,720,TA,8520,60.0,0.0,0,8,6,624,105900,97,22,20.0,1344.0,720.0,1,0,0,1
1301,1116.0,4.0,No,0,Unf,1288,462,Unf,2417,Gd,16059,121.0,284.0,82,5,8,1288,260000,34,33,34.0,3705.0,2417.0,1,1,0,1
796,566.0,1.0,No,732,GLQ,64,480,Unf,1362,TA,14115,85.0,0.0,30,5,5,796,143000,32,30,32.0,2158.0,1362.0,1,1,0,0
951,0.0,2.0,No,285,ALQ,666,327,Unf,951,TA,8765,50.0,0.0,28,6,4,951,106500,89,75,89.0,1902.0,951.0,1,0,0,0
783,701.0,3.0,No,0,Missing,783,393,Fin,1484,Gd,10237,65.0,0.0,72,5,6,783,178900,20,18,20.0,2267.0,1484.0,1,1,0,0
773,582.0,3.0,No,0,Unf,684,0,Missing,1355,Gd,6882,60.0,0.0,0,7,6,684,127000,111,19,0.0,2039.0,1355.0,1,1,0,0
694,0.0,3.0,No,365,LwQ,75,352,Unf,694,Gd,4280,40.0,0.0,0,6,5,440,90350,112,23,35.0,1134.0,694.0,1,0,0,0
1029,0.0,3.0,Mn,903,Rec,126,261,Unf,1029,TA,7943,61.0,192.0,0,5,4,1029,118500,64,64,64.0,2058.0,1029.0,0,0,0,0
1097,896.0,4.0,No,416,Rec,409,495,RFn,1993,TA,14803,69.0,252.0,66,5,6,825,190000,54,54,54.0,2818.0,1993.0,0,1,0,0
793,325.0,3.0,Mn,507,Rec,286,410,Unf,1118,TA,7800,65.0,0.0,0,7,5,793,119900,86,75,86.0,1911.0,1118.0,1,1,0,0
713,739.0,3.0,No,450,GLQ,241,506,Unf,1452,Gd,3735,35.0,218.0,34,5,7,691,183900,26,26,26.0,2143.0,1452.0,0,1,0,0
804,744.0,3.0,No,556,Missing,248,440,Unf,1548,Gd,2308,24.0,0.0,0,6,6,804,155000,49,49,49.0,2352.0,1548.0,0,1,0,0
2392,0.0,3.0,Gd,56,GLQ,2336,968,Fin,2392,Ex,13472,103.0,922.0,105,5,10,2392,386250,22,22,22.0,4784.0,2392.0,0,0,0,0
1040,0.0,3.0,No,824,ALQ,216,308,Fin,1040,TA,7500,75.0,0.0,0,5,5,1040,133000,62,62,62.0,2080.0,1040.0,0,0,0,0
1182,960.0,3.0,No,448,Rec,448,509,Fin,2142,Gd,13000,100.0,576.0,72,6,6,896,193500,57,57,57.0,3038.0,2142.0,0,1,0,0
1088,871.0,3.0,Av,0,Unf,1088,1025,RFn,1959,Gd,9000,75.0,0.0,46,5,8,1088,270000,19,19,19.0,3047.0,1959.0,0,1,0,0
1080,0.0,3.0,No,680,GLQ,400,0,Missing,1080,Gd,7500,63.0,120.0,0,5,7,1080,141000,21,20,0.0,2160.0,1080.0,1,0,0,0
703,689.0,2.0,No,0,Unf,689,540,Unf,1392,Gd,3604,34.0,0.0,102,5,7,689,146000,18,18,18.0,2081.0,1392.0,0,1,0,0
988,0.0,3.0,No,827,Rec,161,572,Unf,988,TA,9945,69.0,57.0,0,5,5,988,128500,64,64,62.0,1976.0,988.0,0,0,0,0
1098,880.0,4.0,No,552,BLQ,280,486,RFn,1978,TA,9900,69.0,342.0,43,5,7,832,176000,57,57,57.0,2810.0,1978.0,0,1,0,0
1588,0.0,3.0,Av,1162,ALQ,426,472,RFn,1588,Gd,10264,78.0,183.0,29,5,7,1588,214000,26,26,26.0,3176.0,1588.0,0,0,0,0
1478,0.0,2.0,Av,578,GLQ,892,484,Fin,1478,Gd,4403,69.0,432.0,144,5,7,1470,222000,16,16,16.0,2948.0,1478.0,0,0,0,0
2121,0.0,3.0,Gd,0,Unf,2121,732,Fin,2121,Ex,14450,107.0,315.0,98,5,9,2121,415298,19,18,18.0,4242.0,2121.0,1,0,0,0
1301,0.0,2.0,No,0,Unf,1293,572,RFn,1301,Gd,7200,60.0,0.0,121,5,7,1293,187750,19,19,19.0,2594.0,1301.0,0,0,0,0
1241,0.0,1.0,No,1106,GLQ,135,569,Missing,1241,Gd,4274,35.0,0.0,116,5,7,1241,199900,19,18,18.0,2482.0,1241.0,1,0,0,0
1523,0.0,3.0,No,644,ALQ,549,478,Fin,1523,TA,11361,104.0,160.0,0,5,6,1193,180000,49,49,49.0,2716.0,1523.0,0,0,0,0
1344,0.0,3.0,Gd,1309,GLQ,35,784,Fin,1344,TA,7060,78.0,200.0,0,5,7,1344,206300,28,27,28.0,2688.0,1344.0,1,0,0,0
1240,0.0,2.0,Av,0,Unf,1240,826,RFn,1240,Gd,8556,74.0,0.0,93,5,7,1240,194000,19,19,19.0,2480.0,1240.0,0,0,0,0
1120,1120.0,6.0,Missing,0,Missing,0,528,Unf,2240,TA,7018,64.0,0.0,0,5,5,0,142953,46,46,46.0,2240.0,2240.0,0,1,0,0
1440,0.0,3.0,No,678,BLQ,762,467,Fin,1440,Gd,12546,69.0,310.0,0,7,6,1440,182900,44,44,44.0,2880.0,1440.0,0,0,0,0
864,0.0,3.0,No,0,Unf,864,280,Missing,864,TA,9353,71.0,0.0,0,5,4,864,116050,55,55,53.0,1728.0,864.0,0,0,0,0
1680,0.0,3.0,No,144,LwQ,379,583,Fin,1680,Gd,10140,78.0,0.0,73,5,7,1650,213250,27,26,27.0,3330.0,1680.0,1,0,0,1
944,545.0,3.0,No,0,Unf,778,240,Unf,1489,TA,9900,60.0,0.0,0,7,6,778,139500,85,75,85.0,2267.0,1489.0,1,1,0,0
1349,0.0,3.0,No,0,Missing,1349,539,Unf,1349,TA,8450,65.0,108.0,55,5,7,1349,179000,25,24,25.0,2698.0,1349.0,1,0,0,0
901,0.0,2.0,No,0,Unf,901,281,Unf,901,TA,6000,50.0,0.0,0,7,4,901,107900,71,25,71.0,1802.0,901.0,1,0,0,0
810,0.0,3.0,No,387,ALQ,374,484,RFn,1603,Gd,7153,65.0,0.0,124,5,6,761,175900,33,33,33.0,1571.0,810.0,0,0,0,0
1152,0.0,3.0,No,0,Unf,1092,300,Unf,1152,Gd,14000,80.0,0.0,36,8,6,1092,158500,75,21,75.0,2244.0,1152.0,1,0,0,0
1072,0.0,2.0,Gd,547,GLQ,0,525,Fin,1072,TA,3675,35.0,80.0,28,5,5,547,145000,20,20,20.0,1619.0,1072.0,0,0,0,0
2259,0.0,3.0,Mn,35,Missing,905,450,Unf,2259,Gd,21000,69.0,184.0,120,5,6,1809,217000,72,72,72.0,4068.0,2259.0,0,0,0,0
1040,0.0,3.0,Mn,532,LwQ,364,484,Unf,1040,Gd,8800,61.0,0.0,0,7,5,1040,150500,48,17,48.0,2080.0,1040.0,1,0,0,0
1258,0.0,0.0,Av,1198,Missing,0,400,Unf,1258,TA,12900,60.0,0.0,0,4,4,1198,108959,56,56,56.0,2456.0,1258.0,0,0,0,0
697,804.0,3.0,No,518,ALQ,179,420,Fin,1501,Gd,7685,69.0,112.0,63,5,6,697,165600,32,31,32.0,2198.0,1501.0,1,1,0,0
1466,0.0,3.0,Av,16,GLQ,1450,610,Fin,1466,Gd,8925,73.0,0.0,18,5,8,1466,201000,18,18,18.0,2932.0,1466.0,0,0,0,0
1053,0.0,3.0,No,806,ALQ,247,312,RFn,1053,Gd,10007,72.0,54.0,0,7,5,1053,145500,66,19,66.0,2106.0,1053.0,1,0,0,0
1752,0.0,2.0,No,456,GLQ,1296,576,RFn,1752,Ex,7658,61.0,412.0,82,5,9,1752,319900,20,20,20.0,3504.0,1752.0,0,0,0,0
1494,0.0,3.0,Gd,1443,GLQ,39,514,RFn,1494,Gd,16196,69.0,0.0,25,5,7,1482,215000,27,27,27.0,2976.0,1494.0,0,0,0,0
1425,0.0,3.0,No,490,Missing,935,576,RFn,1425,TA,10175,100.0,272.0,0,5,6,1425,180500,61,61,61.0,2850.0,1425.0,0,0,0,0
1702,0.0,1.0,No,1540,GLQ,162,1052,Fin,1702,Ex,8769,65.0,766.0,72,5,9,1702,367294,17,17,17.0,3404.0,1702.0,0,0,0,0
1800,0.0,2.0,No,0,Unf,1800,702,Fin,1800,Ex,11923,122.0,0.0,136,5,9,1800,239000,18,18,18.0,3600.0,1800.0,0,0,0,0
1272,928.0,4.0,No,1084,ALQ,188,0,Missing,2200,TA,8777,67.0,0.0,70,7,5,1272,145900,125,22,0.0,3472.0,2200.0,1,1,0,0
833,833.0,3.0,No,0,Unf,588,228,Unf,1666,Gd,5100,69.0,0.0,63,7,8,588,161000,100,29,100.0,2254.0,1666.0,1,1,0,0
1392,1392.0,5.0,No,790,Missing,133,564,RFn,2784,Gd,16692,80.0,184.0,112,5,7,1392,250000,47,47,47.0,4176.0,2784.0,0,1,0,0
1131,0.0,3.0,No,168,Rec,739,672,Unf,1131,TA,5925,50.0,435.0,72,7,4,907,89471,88,25,30.0,2038.0,1131.0,1,0,0,0
792,725.0,3.0,No,0,Unf,792,400,Unf,1517,Gd,11435,69.0,0.0,0,7,8,792,230000,96,75,94.0,2309.0,1517.0,1,1,0,0
1120,0.0,3.0,No,206,ALQ,914,0,Missing,1120,TA,8402,70.0,0.0,30,5,5,1120,147000,18,18,0.0,2240.0,1120.0,0,0,0,0
812,670.0,3.0,No,0,Unf,384,392,Fin,1482,Gd,9125,69.0,170.0,25,5,7,384,163900,33,33,33.0,1866.0,1482.0,0,1,0,0
864,0.0,2.0,No,524,ALQ,160,576,Unf,864,TA,10500,70.0,0.0,0,6,4,864,97000,54,54,36.0,1728.0,864.0,0,0,0,0
1188,0.0,3.0,No,1000,Rec,188,531,RFn,1188,TA,12160,69.0,180.0,0,5,5,1188,142000,66,66,66.0,2376.0,1188.0,0,0,0,0
778,798.0,3.0,No,0,Unf,770,614,RFn,1576,Gd,8125,65.0,0.0,50,5,7,770,197000,19,19,19.0,2346.0,1576.0,0,1,0,0
960,0.0,3.0,Av,789,ALQ,171,576,Unf,960,TA,9873,60.0,160.0,288,5,4,960,129000,55,55,55.0,1920.0,960.0,0,0,0,0
1574,0.0,3.0,No,24,GLQ,1550,824,RFn,1574,Gd,11957,75.0,53.0,104,5,8,1574,232000,19,19,19.0,3148.0,1574.0,0,0,0,0
997,0.0,3.0,No,0,Unf,793,0,Missing,1517,Fa,8500,85.0,0.0,0,7,5,793,115000,106,20,0.0,1790.0,997.0,1,0,0,0
1464,0.0,3.0,Av,444,ALQ,76,480,RFn,1464,TA,12886,70.0,0.0,0,6,5,520,175000,62,26,28.0,1984.0,1464.0,1,0,0,0
1277,1067.0,3.0,No,0,Unf,1264,889,RFn,2344,Gd,10208,79.0,921.0,0,5,7,1264,265000,29,28,29.0,3608.0,2344.0,1,1,0,0
1358,0.0,2.0,Av,720,GLQ,638,484,RFn,1358,Gd,8198,59.0,146.0,30,5,7,1358,207000,21,21,21.0,2716.0,1358.0,0,0,0,0
948,742.0,3.0,No,0,Unf,924,463,RFn,1690,TA,8063,69.0,0.0,48,5,6,924,181000,25,25,25.0,2614.0,1690.0,0,1,0,0
1382,0.0,3.0,Gd,672,Rec,0,884,Unf,1382,TA,19296,120.0,399.0,0,5,6,1362,176000,63,63,34.0,2744.0,1382.0,0,0,0,0
888,676.0,3.0,No,0,Unf,650,476,Unf,1564,TA,8400,70.0,130.0,50,6,6,650,171000,45,44,45.0,2214.0,1564.0,1,1,0,0
1306,0.0,1.0,Av,900,ALQ,406,624,Missing,1306,Gd,5381,34.0,135.0,63,5,6,1306,196000,20,20,20.0,2612.0,1306.0,0,0,0,0
1137,0.0,2.0,No,980,GLQ,92,551,Unf,1137,Gd,13811,54.0,72.0,0,6,6,1112,176000,38,38,38.0,2249.0,1137.0,0,0,0,0
988,0.0,2.0,No,0,Missing,988,520,RFn,988,TA,21750,100.0,0.0,0,5,5,988,113000,71,71,71.0,1976.0,988.0,0,0,0,0
576,533.0,3.0,Av,349,ALQ,23,288,Unf,1109,TA,10500,70.0,82.0,0,7,5,372,139000,54,20,54.0,1481.0,1109.0,1,1,0,0
1134,0.0,2.0,No,588,Missing,422,254,Missing,1134,TA,7000,70.0,45.0,16,7,5,1010,135000,65,23,65.0,2144.0,1134.0,1,0,0,0
1548,1066.0,4.0,No,956,ALQ,384,624,RFn,2614,TA,10800,90.0,0.0,243,7,6,1522,240000,51,28,51.0,4136.0,2614.0,1,1,0,0
865,445.0,2.0,No,617,LwQ,0,398,Unf,1310,TA,7000,50.0,0.0,0,6,6,617,112000,101,75,101.0,1927.0,1310.0,1,1,0,0
1080,0.0,3.0,No,336,ALQ,748,484,Unf,1080,TA,9187,71.0,0.0,0,5,6,1084,134000,42,42,42.0,2164.0,1080.0,0,0,1,0
1496,636.0,1.0,Gd,1441,GLQ,55,612,Fin,2132,Gd,12327,79.0,0.0,40,8,8,1496,316600,42,16,42.0,3628.0,2132.0,1,1,0,1
1222,698.0,4.0,No,0,Unf,570,487,RFn,1920,Gd,10192,102.0,143.0,98,6,7,570,170000,57,33,57.0,2490.0,1920.0,1,1,0,0
734,0.0,2.0,No,0,Unf,648,440,Missing,1118,TA,4400,40.0,0.0,0,8,6,648,116000,105,75,35.0,1382.0,734.0,1,0,0,0
1704,0.0,3.0,No,1218,GLQ,486,772,Missing,1704,Gd,11478,98.0,200.0,50,5,8,1704,306000,18,17,17.0,3408.0,1704.0,1,0,0,0
861,0.0,1.0,No,262,BLQ,599,539,Missing,861,TA,12342,69.0,0.0,0,5,4,861,82500,85,75,64.0,1722.0,861.0,1,0,0,0
1041,702.0,3.0,No,384,ALQ,143,539,Unf,1743,TA,11700,90.0,365.0,0,6,6,702,175000,57,57,57.0,2445.0,1743.0,0,1,0,0
483,504.0,3.0,No,321,Rec,162,280,Unf,987,TA,1869,21.0,127.0,0,6,6,483,106000,55,55,38.0,1470.0,987.0,0,1,0,0
1220,0.0,2.0,Av,684,GLQ,515,632,RFn,1220,Gd,7406,64.0,84.0,54,5,7,1199,194000,19,19,19.0,2419.0,1220.0,0,0,0,0
1402,0.0,2.0,Av,0,Unf,1258,648,Fin,1402,Gd,3922,53.0,72.0,16,5,7,1258,194201,19,18,19.0,2660.0,1402.0,1,0,0,0
848,0.0,3.0,Mn,662,GLQ,186,420,RFn,848,Gd,4435,37.0,169.0,0,5,6,848,155900,21,21,21.0,1696.0,848.0,0,0,0,0
990,0.0,3.0,No,746,ALQ,244,480,Unf,990,TA,8072,60.0,0.0,64,5,5,990,138000,31,30,25.0,1980.0,990.0,1,0,0,0
1357,0.0,2.0,Av,719,ALQ,300,312,RFn,1357,Ex,11512,124.0,84.0,0,7,6,1019,177000,66,19,66.0,2376.0,1357.0,1,0,0,0
1535,0.0,3.0,No,2,GLQ,1515,532,RFn,1535,Gd,10171,70.0,168.0,0,5,7,1517,214000,21,21,21.0,3052.0,1535.0,0,0,0,0
914,0.0,2.0,Av,298,GLQ,572,576,Unf,914,TA,8846,57.0,0.0,0,5,5,870,148000,29,29,27.0,1784.0,914.0,0,0,0,0
936,316.0,3.0,No,0,Unf,504,576,Unf,1252,TA,7438,92.0,0.0,0,8,5,504,127000,117,34,39.0,1756.0,1252.0,1,1,0,1
1003,0.0,3.0,Av,819,GLQ,184,588,Missing,1003,TA,7937,37.0,0.0,0,6,6,1003,142500,41,41,41.0,2006.0,1003.0,0,0,0,0
630,0.0,1.0,Av,509,GLQ,121,286,Unf,630,TA,1477,21.0,0.0,0,4,4,630,80000,55,55,55.0,1260.0,630.0,0,0,0,0
1138,0.0,3.0,Av,507,GLQ,81,264,Missing,1138,TA,10482,65.0,63.0,0,8,6,588,145000,67,67,67.0,1726.0,1138.0,0,0,0,0
858,858.0,4.0,No,319,Rec,539,490,Fin,1716,TA,9247,70.0,318.0,84,6,6,858,171000,63,63,63.0,2574.0,1716.0,0,1,0,0
765,600.0,2.0,No,471,ALQ,294,440,Unf,1365,TA,1920,24.0,376.0,36,5,5,765,122500,54,54,54.0,2130.0,1365.0,0,1,0,0
1339,0.0,3.0,No,504,LwQ,525,294,Unf,1339,TA,7560,70.0,0.0,0,6,5,1029,139000,67,60,67.0,2368.0,1339.0,1,0,0,0
1228,0.0,2.0,Mn,767,GLQ,461,472,Fin,1228,Gd,4671,40.0,0.0,120,5,8,1228,189000,37,36,37.0,2456.0,1228.0,1,0,0,1
778,0.0,2.0,No,403,ALQ,212,924,Missing,778,TA,6900,71.0,0.0,25,6,5,740,120500,85,70,59.0,1518.0,778.0,1,0,0,0
1040,0.0,3.0,No,616,Rec,424,0,Missing,1040,TA,8430,60.0,136.0,0,5,5,1040,124000,47,47,0.0,2080.0,1040.0,0,0,0,0
948,980.0,5.0,Mn,0,Unf,686,0,Missing,1928,TA,7082,69.0,0.0,0,8,5,686,160000,109,30,0.0,2614.0,1928.0,1,1,0,0
1338,1296.0,6.0,No,500,LwQ,748,968,Missing,2634,TA,11643,91.0,368.0,0,5,5,1248,200000,56,56,56.0,3882.0,2634.0,0,1,0,0
1251,0.0,3.0,No,553,Missing,698,461,Missing,1251,TA,8800,80.0,425.0,116,6,6,1251,160000,61,61,61.0,2502.0,1251.0,0,0,0,0
1476,677.0,3.0,Mn,904,GLQ,536,736,Fin,2153,Ex,11050,69.0,204.0,142,5,9,1440,313000,25,25,25.0,3593.0,2153.0,0,1,0,0
1787,0.0,3.0,Gd,0,Missing,1753,748,RFn,1787,Gd,14781,69.0,178.0,150,5,8,1753,275000,24,23,24.0,3540.0,1787.0,1,0,0,0
864,0.0,2.0,No,41,BLQ,823,0,Missing,864,TA,8248,45.0,0.0,0,3,3,864,67000,111,75,0.0,1728.0,864.0,1,0,0,0
1114,0.0,3.0,No,646,GLQ,468,576,Unf,1114,Gd,13695,66.0,0.0,102,5,5,1114,159000,21,21,21.0,2228.0,1114.0,0,0,0,0
1652,0.0,2.0,Av,1196,GLQ,298,499,RFn,1652,Ex,5330,41.0,0.0,48,5,8,1494,251000,25,25,25.0,3146.0,1652.0,0,0,0,0
1040,0.0,2.0,Missing,0,Missing,0,400,Unf,1040,TA,8544,60.0,0.0,0,4,3,0,92900,75,75,38.0,1040.0,1040.0,0,0,0,0
784,0.0,2.0,No,784,ALQ,0,0,Missing,784,Gd,6130,50.0,0.0,0,6,5,784,109500,101,75,0.0,1568.0,784.0,1,0,0,0
1842,0.0,0.0,Gd,1810,GLQ,32,894,Fin,1842,Gd,50271,68.0,0.0,72,5,9,1842,385000,44,38,44.0,3684.0,1842.0,1,0,0,0
1465,915.0,3.0,No,187,LwQ,111,596,Unf,2380,TA,18450,69.0,113.0,265,5,6,1021,129000,60,46,60.0,3401.0,2380.0,1,1,0,0
1411,0.0,3.0,No,822,ALQ,564,544,Fin,1411,TA,11900,85.0,209.0,0,5,7,1386,82500,48,48,48.0,2797.0,1411.0,0,0,0,0
1553,1177.0,4.0,Gd,28,LwQ,0,576,Missing,2730,Gd,10380,86.0,172.0,96,5,7,1502,301000,39,38,38.0,4232.0,2730.0,1,1,0,0
1656,0.0,3.0,Av,24,GLQ,1632,826,Missing,1656,Gd,11096,84.0,0.0,146,5,8,1656,249700,19,19,19.0,3312.0,1656.0,0,0,0,0
630,0.0,1.0,Av,495,ALQ,135,0,Missing,630,TA,1890,21.0,0.0,0,7,4,630,81000,53,53,0.0,1260.0,630.0,0,0,0,0
1472,0.0,3.0,Av,1036,GLQ,336,588,Unf,1472,TA,14115,69.0,225.0,48,5,7,1372,187500,45,45,45.0,2844.0,1472.0,0,0,0,0
1392,0.0,2.0,No,0,Unf,1392,576,RFn,1392,TA,13560,120.0,216.0,0,3,6,1392,110000,57,57,57.0,2784.0,1392.0,0,0,0,0
1001,634.0,2.0,No,0,Unf,485,255,Unf,1635,Gd,5310,59.0,0.0,0,8,6,485,117000,115,22,75.0,2120.0,1635.0,1,1,0,0
864,0.0,3.0,Mn,360,Rec,504,288,RFn,864,TA,9560,120.0,0.0,0,7,5,864,128500,53,53,53.0,1728.0,864.0,0,0,0,0
1506,0.0,2.0,Gd,16,GLQ,1346,440,Missing,1506,Gd,3013,43.0,145.0,20,5,7,1362,213490,20,20,20.0,2868.0,1506.0,0,0,0,0
1006,1040.0,3.0,No,866,GLQ,132,871,RFn,2046,Gd,10625,85.0,292.0,62,5,7,998,284000,22,21,22.0,3044.0,2046.0,1,1,0,0
1454,482.0,3.0,No,0,Unf,1406,504,RFn,1936,Gd,11194,106.0,40.0,124,5,8,1406,230500,25,25,25.0,3342.0,1936.0,0,1,0,1
1888,0.0,2.0,No,247,Missing,557,578,Fin,1888,Gd,16492,137.0,0.0,0,6,6,1517,190000,59,23,59.0,3405.0,1888.0,1,0,0,0
1236,0.0,3.0,No,465,BLQ,447,288,Unf,1236,TA,6993,65.0,0.0,0,7,5,912,135000,64,31,64.0,2148.0,1236.0,1,0,0,0
1370,0.0,3.0,No,0,Unf,1090,479,RFn,1370,TA,10400,80.0,189.0,0,5,7,1090,152000,49,49,49.0,2460.0,1370.0,0,0,0,0
1040,0.0,2.0,Missing,0,Missing,0,400,Unf,1040,TA,8544,69.0,340.0,0,4,3,0,87500,76,75,76.0,1040.0,1040.0,1,0,0,0
575,560.0,3.0,No,350,ALQ,0,576,RFn,1135,Gd,7200,60.0,0.0,0,9,7,560,155000,89,18,54.0,1695.0,1135.0,1,1,0,0
864,0.0,3.0,No,432,ALQ,432,0,Missing,864,TA,10500,70.0,0.0,0,5,4,864,115000,54,54,0.0,1728.0,864.0,0,0,0,0
1099,0.0,3.0,No,0,Unf,1099,352,Unf,1099,Gd,9525,75.0,0.0,0,6,5,1099,144000,30,19,26.0,2198.0,1099.0,1,0,0,0
979,871.0,3.0,No,595,GLQ,378,467,Fin,1850,Gd,29959,69.0,0.0,98,6,7,973,248000,31,31,31.0,2823.0,1850.0,0,1,0,0
825,587.0,4.0,No,0,Unf,780,280,Unf,1412,TA,6000,50.0,0.0,0,6,6,780,132500,86,75,86.0,2192.0,1412.0,1,1,0,0
896,896.0,4.0,No,0,Unf,896,0,Missing,1792,TA,9000,60.0,0.0,45,5,5,896,136000,51,51,0.0,2688.0,1792.0,0,1,0,0
833,0.0,2.0,No,415,Rec,418,326,Unf,833,Gd,5400,90.0,0.0,0,7,5,833,117000,71,25,70.0,1666.0,833.0,1,0,0,0
1152,0.0,3.0,Missing,0,Missing,0,0,Missing,1152,Fa,6040,65.0,0.0,0,5,4,0,82000,70,70,0.0,1152.0,1152.0,0,0,0,0
1478,0.0,3.0,No,1270,BLQ,208,498,Unf,1478,TA,17600,69.0,30.0,40,5,6,1478,157500,65,65,65.0,2956.0,1478.0,0,0,0,0
720,564.0,2.0,No,312,LwQ,408,240,Unf,1284,TA,3500,50.0,0.0,35,7,5,720,110000,78,75,77.0,2004.0,1284.0,1,1,0,0
892,783.0,3.0,No,0,Unf,841,502,Fin,1675,TA,24682,69.0,0.0,103,5,6,841,181000,26,26,26.0,2516.0,1675.0,0,1,0,0
936,840.0,3.0,Missing,0,Unf,936,474,RFn,1776,Gd,14006,65.0,144.0,96,5,7,936,192500,23,23,23.0,2712.0,1776.0,0,1,0,0
920,866.0,3.0,Mn,486,GLQ,434,608,RFn,1786,Gd,11250,68.0,162.0,42,5,7,920,223500,24,23,24.0,2706.0,1786.0,1,1,0,0
1262,0.0,3.0,Gd,978,ALQ,284,460,RFn,1262,TA,9600,80.0,0.0,0,8,6,1262,181500,49,49,49.0,2524.0,1262.0,0,0,0,0
1088,0.0,2.0,No,0,Unf,1074,461,RFn,1088,Gd,3696,69.0,0.0,74,5,8,1074,170000,39,39,38.0,2162.0,1088.0,0,0,0,0
1360,0.0,1.0,Av,1036,GLQ,184,565,RFn,1360,Gd,5814,69.0,0.0,0,5,8,1220,187500,41,41,41.0,2580.0,1360.0,0,0,0,0
770,812.0,3.0,No,490,GLQ,280,520,RFn,1582,Gd,8320,64.0,0.0,45,5,7,770,185900,21,21,21.0,2352.0,1582.0,0,1,0,0
976,332.0,2.0,No,428,Rec,300,256,Unf,1308,TA,9600,130.0,0.0,70,7,5,728,160000,85,75,85.0,2036.0,1308.0,1,1,0,0
1431,0.0,3.0,Av,560,GLQ,871,666,Fin,1431,Gd,9017,68.0,0.0,35,5,7,1431,192000,26,26,26.0,2862.0,1431.0,0,0,0,0
1429,0.0,3.0,No,594,BLQ,331,572,Unf,1429,Gd,14585,69.0,85.0,110,6,6,1144,181900,65,38,65.0,2573.0,1429.0,1,0,0,1
1095,844.0,3.0,Mn,0,Unf,1095,1053,RFn,1939,Gd,10728,84.0,0.0,51,5,8,1095,266000,19,19,19.0,3034.0,1939.0,0,1,0,0
864,0.0,2.0,No,0,Unf,864,0,Missing,864,TA,4060,56.0,0.0,96,8,5,864,99900,103,75,0.0,1728.0,864.0,1,0,0,0
1426,1519.0,3.0,Gd,0,Unf,1410,641,Fin,2945,Gd,13682,66.0,1031.0,0,5,10,1410,438780,19,19,19.0,4355.0,2945.0,0,1,0,0
1314,0.0,3.0,Mn,936,GLQ,364,552,RFn,1314,Gd,8640,72.0,72.0,112,5,8,1300,229456,16,16,16.0,2614.0,1314.0,0,0,0,0
1836,0.0,3.0,No,24,GLQ,1836,484,Fin,1836,Gd,9100,70.0,0.0,33,5,7,1860,216837,21,20,21.0,3696.0,1836.0,1,0,0,0
866,0.0,2.0,No,329,ALQ,357,0,Missing,866,Gd,3880,40.0,0.0,42,9,5,686,110500,80,28,0.0,1552.0,866.0,1,0,0,0
1569,0.0,1.0,No,988,Missing,398,660,Missing,1569,Gd,3635,51.0,130.0,20,5,7,1386,175900,18,18,18.0,2955.0,1569.0,0,0,0,0
1690,1589.0,4.0,Gd,1416,ALQ,234,841,Fin,3279,Ex,53504,47.0,603.0,36,5,8,1650,538000,22,22,22.0,4929.0,3279.0,0,1,0,0
4692,950.0,3.0,Gd,5644,GLQ,466,1418,Fin,5642,Ex,63887,313.0,796.0,292,5,10,6110,160000,17,17,17.0,11752.0,5642.0,0,1,0,0
983,756.0,3.0,No,649,GLQ,321,480,Fin,1739,Gd,2645,24.0,456.0,0,5,8,970,172500,26,25,26.0,2709.0,1739.0,1,1,0,0
755,755.0,4.0,Mn,0,Unf,755,296,Missing,1510,TA,9084,60.0,0.0,0,5,4,755,108000,85,75,85.0,2265.0,1510.0,1,1,0,0
1050,745.0,4.0,No,0,Unf,1050,352,Unf,1795,TA,12150,81.0,335.0,0,5,5,1050,131500,71,71,71.0,2845.0,1795.0,0,1,0,0
694,600.0,3.0,Missing,0,Missing,0,0,Missing,1294,TA,10800,60.0,0.0,114,7,4,0,106250,125,25,0.0,1294.0,1294.0,1,1,0,0
2084,0.0,2.0,Av,1636,GLQ,442,1220,Fin,2084,Ex,14803,114.0,816.0,45,5,10,2078,385000,18,17,18.0,4162.0,2084.0,1,0,0,0
1766,0.0,3.0,Mn,1121,GLQ,645,478,Fin,1766,Ex,9187,85.0,162.0,130,5,9,1766,370878,16,16,16.0,3532.0,1766.0,0,0,0,0
2000,704.0,4.0,Gd,1410,Missing,542,538,Fin,2704,Ex,13860,75.0,0.0,111,7,8,1952,345000,53,30,53.0,4656.0,2704.0,1,1,0,0
520,0.0,1.0,No,0,Unf,520,240,Unf,520,Fa,6324,60.0,0.0,0,6,4,520,68500,98,75,105.0,1040.0,520.0,1,0,0,0
1020,1037.0,3.0,No,223,Rec,794,180,Fin,2057,Gd,11500,86.0,0.0,0,7,7,1017,250000,89,38,89.0,3074.0,2057.0,1,1,0,0
1694,0.0,3.0,Av,0,Unf,1694,776,Missing,1694,Gd,10475,64.0,72.0,33,5,8,1694,245350,17,17,17.0,3388.0,1694.0,0,0,0,1
842,630.0,3.0,Mn,0,Unf,702,250,Unf,1472,Gd,9600,60.0,0.0,0,8,5,702,125000,100,31,100.0,2174.0,1472.0,1,1,0,0
1276,804.0,3.0,No,0,Unf,1276,282,Unf,2080,Gd,10918,53.0,0.0,0,9,7,1276,234000,99,21,99.0,3356.0,2080.0,1,1,0,0
988,517.0,3.0,No,399,Rec,484,240,Missing,1505,TA,9144,69.0,0.0,0,5,5,883,145000,85,43,85.0,2388.0,1505.0,1,1,0,0
1586,0.0,3.0,No,0,Missing,1362,435,Unf,1586,TA,17043,48.0,0.0,0,5,6,1362,181000,46,27,46.0,2948.0,1586.0,1,0,0,1
929,929.0,5.0,No,0,Unf,755,0,Missing,2229,TA,5520,92.0,0.0,198,6,6,755,104000,113,75,0.0,2613.0,1858.0,1,1,0,0
956,1128.0,4.0,No,656,GLQ,300,618,RFn,2084,Gd,10142,76.0,0.0,45,5,7,956,233000,21,21,21.0,3040.0,2084.0,0,1,0,0
1080,672.0,4.0,Av,427,GLQ,132,492,RFn,1752,TA,12134,152.0,0.0,12,7,8,559,164000,37,20,37.0,2311.0,1752.0,1,1,0,0
960,780.0,3.0,No,410,BLQ,390,240,Unf,1740,TA,13125,75.0,0.0,0,6,7,800,219500,85,41,85.0,2540.0,1740.0,1,1,0,0
847,1101.0,3.0,No,0,Unf,847,434,Missing,1948,Gd,12393,41.0,0.0,48,5,7,847,195000,21,20,21.0,2795.0,1948.0,1,1,0,0
897,439.0,3.0,No,637,Rec,0,570,Unf,1336,TA,11040,60.0,0.0,47,6,4,637,108000,105,75,31.0,1973.0,1336.0,1,1,0,0
894,0.0,3.0,No,894,ALQ,0,552,Unf,894,TA,9800,70.0,0.0,0,7,5,894,149900,53,53,50.0,1788.0,894.0,0,0,0,0
1980,0.0,3.0,Av,1447,GLQ,533,770,Fin,1980,Ex,16737,129.0,66.0,45,5,9,1980,315000,21,20,21.0,3960.0,1980.0,1,0,0,0
753,741.0,3.0,No,547,BLQ,224,213,Unf,1494,Gd,7500,69.0,0.0,0,7,6,771,177500,83,75,83.0,2265.0,1494.0,1,1,0,0
1048,0.0,3.0,No,580,BLQ,333,288,Unf,1558,TA,10930,60.0,0.0,0,6,5,913,140000,80,75,63.0,1961.0,1048.0,1,0,0,0
1294,0.0,2.0,Av,0,Unf,1286,662,RFn,1294,Gd,6762,64.0,0.0,55,5,7,1286,193879,19,19,19.0,2580.0,1294.0,0,0,0,0
2136,0.0,4.0,No,756,LwQ,1380,528,Unf,2136,TA,10680,89.0,44.0,30,3,5,2136,137900,74,74,74.0,4272.0,2136.0,0,0,0,0
672,546.0,3.0,No,317,BLQ,355,264,Unf,1218,TA,1680,21.0,281.0,28,7,6,672,118000,53,53,53.0,1890.0,1218.0,0,1,0,0
1719,0.0,1.0,Gd,1619,GLQ,100,473,Fin,1719,Gd,10846,32.0,0.0,30,5,8,1719,324000,32,32,32.0,3438.0,1719.0,0,0,0,0
2402,0.0,2.0,Gd,1767,GLQ,788,672,Fin,2402,Ex,15431,105.0,200.0,72,5,10,3094,555000,17,17,17.0,5496.0,2402.0,0,0,0,0
1664,862.0,5.0,No,168,Rec,0,216,Unf,2526,Gd,8520,60.0,0.0,15,7,6,714,136000,109,75,109.0,3240.0,2526.0,1,1,0,0
708,0.0,2.0,No,280,LwQ,140,0,Missing,708,Fa,5330,50.0,0.0,0,7,4,420,82500,85,75,0.0,1128.0,708.0,1,0,0,1
581,530.0,3.0,No,0,Unf,530,288,Unf,1111,Fa,7200,60.0,0.0,0,7,5,530,101000,105,29,90.0,1641.0,1111.0,1,1,0,0
